sample_num,site,date,time,field_temp,field_EC,lab_pH,lab_EC,bottles_collected,bottle_site_num,tin_num,tin_weight,tin_filter_weight,bottle_tare,bottle_full,tin_filter_sed_weight,tin_filter_sed_ashed_weight,notes,time_cleaned,sed_weight_mg,susp_solids_mg,TSS_conc_mgL-1,susp_sed_mg,NPOC_conc,TOC_conc
1,Warm_Sp,2024-10-11,15:00,-9999,-9999,8.39,-9999,"TSS, Nuts",-9999,19,1.075,1.208,88.57,1135.0,1.208,1.205,,15:00:00,0.0,0.0,1.04643,2.9999999999998916,-9999,-9999
2,SH_Cr,2024-10-11,11:34,-9999,-9999,7.91,-9999,"TSS, Nuts",-9999,26,1.083,1.214,88.54,1133.87,1.234,-9999,,11:34:00,20.000000000000018,20.000000000000018,1.0453299999999999,-9999,-9999,-9999
3,Canyon_Cr_SFP,2024-10-11,14:15,-9999,-9999,7.97,-9999,"TSS, Nuts",-9999,25,1.098,1.232,87.5,1117.52,1.241,1.236,,14:15:00,9.000000000000119,9.000000000000119,1.03002,5.0000000000001155,-9999,-9999
4,BJ_Cr,2024-10-11,15:27,-9999,-9999,7.79,-9999,"TSS, Nuts",-9999,21,1.08,1.213,87.43,1080.3,1.238,-9999,,15:27:00,24.99999999999991,24.99999999999991,0.9928699999999999,-9999,-9999,-9999
5,SFP_Alder_Cr,2024-10-12,10:20,12.0,107.0,7.81,-9999,"TSS, Nuts, DOC, Alk",-9999,16,1.095,1.228,88.35,1159.42,1.231,1.228,,10:20:00,3.0000000000001137,3.0000000000001137,1.0710700000000002,3.0000000000001137,1.152304,6.568426
6,SFP_DW,2024-10-12,11:15,9.8,103.0,7.87,-9999,"TSS, Nuts, DOC, Alk",-9999,20,1.06,1.195,88.49,1156.48,1.196,1.194,,11:15:00,0.9999999999998899,0.9999999999998899,1.06799,2.0000000000000018,2.147037,7.282662
7,SFP_BJ,2024-10-12,12:30,9.4,98.4,-9999,-9999,DOC,-9999,-9999,-9999,-9999,-9999,-9999,-9999,-9999,"Glass vial broke, sample gone ",12:30:00,-9999,-9999,-9999,-9999,-9999,-9999
8,BJ_Cr,2024-10-12,12:30,8.0,54.0,-9999,-9999,DOC,-9999,-9999,-9999,-9999,-9999,-9999,-9999,-9999,,12:30:00,-9999,-9999,-9999,-9999,-9999,-9999
9,Warm_Sp,2024-10-12,13:15,13.0,114.0,-9999,-9999,DOC,-9999,-9999,-9999,-9999,-9999,-9999,-9999,-9999,,13:15:00,-9999,-9999,-9999,-9999,0.669608,5.274083
10,SFP_Chap,2024-10-12,13:30,10.5,89.0,-9999,-9999,DOC,-9999,-9999,-9999,-9999,-9999,-9999,-9999,-9999,"Glass vial broke, sample gone ",13:30:00,-9999,-9999,-9999,-9999,-9999,-9999
11,Chapman_Cr,2024-10-12,13:30,8.7,110.0,-9999,-9999,DOC,-9999,-9999,-9999,-9999,-9999,-9999,-9999,-9999,,13:30:00,-9999,-9999,-9999,-9999,0.603382,4.772777
12,SFP_Wolf_Cr,2024-10-12,14:45,15.4,84.2,8.22,-9999,"TSS, Nuts, DOC,Alk",-9999,18,1.111,1.243,88.23,1153.16,1.244,1.243,,14:45:00,0.9999999999998899,0.9999999999998899,1.0649300000000002,0.9999999999998899,0.707164,4.149077
13,Fox_Cr,2024-10-12,15:00,11.5,185.5,-9999,-9999,-9999,-9999,-9999,-9999,-9999,-9999,-9999,-9999,-9999,,15:00:00,-9999,-9999,-9999,-9999,-9999,-9999
14,Canyon_Cr_SFP,2024-10-12,15:45,12.1,103.7,-9999,-9999,DOC,-9999,-9999,-9999,-9999,-9999,-9999,-9999,-9999,,15:45:00,-9999,-9999,-9999,-9999,0.657369,5.366297
15,SFP_Canyon_Cr,2024-10-12,16:00,11.8,83.7,8.09,-9999,"TSS, Nuts, DOC, Alk",-9999,22,1.11,1.246,88.36,1152.62,1.249,1.248,,16:00:00,3.0000000000001137,3.0000000000001137,1.06426,1.000000000000112,0.766851,3.28227
16,SH_Cr,2024-10-12,16:30,13.0,98.3,8.05,-9999,"TSS, Nuts, DOC, Alk",-9999,23,1.1103,1.237,87.63,1147.85,1.24,1.23791,,16:30:00,2.9999999999998916,2.9999999999998916,1.0602199999999997,2.0899999999999253,1.736938,5.279113
17,SH_Cr,2024-10-13,16:00,13.3,100.2,7.57,-9999,"TSS, Nuts, DOC, Alk",-9999,24,1.065,1.199,88.81,1141.8,1.218,-9999,"Glass vial broke, sample gone ",16:00:00,18.999999999999908,18.999999999999908,1.05299,-9999,-9999,-9999
18,Camp_Cr,2024-10-13,16:30,12.4,84.6,7.61,-9999,"TSS, Nuts, DOC, Alk",-9999,17,1.091,1.226,88.92,1139.68,1.25,1.248,,16:30:00,24.00000000000002,24.00000000000002,1.05076,2.0000000000000018,1.025217,4.415658
19,SFP_Alder_Cr,2024-10-19,09:45,7.1,106.8,7.88,-9999,"TSS, Nuts, DOC, Alk",-9999,1,1.08,1.21,87.36,1155.33,1.217,1.213,,09:45:00,7.000000000000117,7.000000000000117,1.06797,4.0000000000000036,-9999,-9999
20,SFP_DW,2024-10-19,10:30,5.2,103.2,7.87,-9999,"TSS, Nuts, DOC, Alk",-9999,14,1.076,1.212,102.42,1123.3,1.215,1.213,"Glass bottle cracked but still held some water, transferred into a different glass vial, integrity of sample questionable ",10:30:00,3.0000000000001137,3.0000000000001137,1.02088,2.0000000000000018,1.53038,7.011052
21,BJ_Cr,2024-10-19,11:00,4.2,54.1,7.87,-9999,"TSS, Nuts, DOC, Alk",-9999,3,1.09,1.23,101.06,1082.96,1.246,1.237,"Glass vial broke, sample gone ",11:00:00,16.000000000000014,16.000000000000014,0.9819000000000001,8.999999999999897,-9999,-9999
22,Warm_Sp,2024-10-19,11:40,8.2,115.2,8.27,-9999,"TSS, Nuts, DOC, Alk",-9999,7,1.086,1.217,100.99,1135.94,1.214,1.212,"Glass vial broke, sample gone ",11:40:00,-3.0000000000001137,-3.0000000000001137,1.03495,2.0000000000000018,-9999,-9999
23,SFP_Chap,2024-10-19,12:00,5.5,90.4,7.87,-9999,"TSS, Nuts, DOC, Alk",-9999,10,1.083,1.212,103.19,1121.86,1.215,1.214,"Glass vial broke, sample gone ",12:00:00,3.0000000000001137,3.0000000000001137,1.0186699999999997,1.000000000000112,-9999,-9999
24,Fox_Cr,2024-10-19,12:20,6.5,187.4,7.64,-9999,"TSS, Nuts, DOC, Alk",-9999,13,1.062,1.193,101.27,1153.79,1.194,1.192,"Glass vial broke, sample gone ",12:20:00,0.9999999999998899,0.9999999999998899,1.05252,2.0000000000000018,-9999,-9999
25,SFP_Wolf_Cr,2024-10-19,12:40,6.8,91.2,8.15,-9999,"TSS, Nuts, DOC, Alk",-9999,9,1.063,1.193,101.2,1140.83,1.195,1.191,"Glass vial broke, sample gone ",12:40:00,2.0000000000000018,2.0000000000000018,1.0396299999999998,4.0000000000000036,-9999,-9999
26,Canyon_Cr_SFP,2024-10-19,13:00,6.9,108.9,7.9,-9999,"TSS, Nuts, DOC, Alk",-9999,11,1.085,1.215,101.63,1141.61,1.219,1.217,"Glass bottle cracked but still held some water, transferred into a different glass vial, integrity of sample questionable ",13:00:00,4.0000000000000036,4.0000000000000036,1.0399800000000001,2.0000000000000018,3.06079,8.587065
27,SFP_Canyon_Cr,2024-10-19,13:15,7.3,81.7,8.09,-9999,"TSS, Nuts, DOC, Alk",-9999,15,1.085,1.214,103.07,1130.51,1.217,1.216,,13:15:00,3.0000000000001137,3.0000000000001137,1.0274400000000001,1.000000000000112,0.473109,7.56098
28,Camp_Cr,2024-10-19,13:45,8.1,79.8,7.97,-9999,"TSS, Nuts, DOC, Alk",-9999,8,1.107,1.237,101.39,1113.49,1.241,1.239,"Glass vial broke, sample gone ",13:45:00,4.0000000000000036,4.0000000000000036,1.0121,2.0000000000000018,-9999,-9999
29,SH_Cr,2024-10-19,14:10,8.1,89.5,7.9,-9999,"TSS, Nuts, DOC, Alk",-9999,12,1.067,1.196,101.43,1001.98,1.214,1.211,"Glass vial broke, sample gone ",14:10:00,18.000000000000014,18.000000000000014,0.90055,2.9999999999998916,-9999,-9999
30,SFP_Wapiti,2024-10-19,15:00,7.6,78.2,7.92,-9999,"TSS, Nuts, DOC, Alk",-9999,2,1.15,1.27,101.07,1152.46,1.229,1.22829,"Glass vial broke, sample gone ",15:00:00,-40.99999999999993,-40.99999999999993,1.05139,0.7099999999999884,-9999,-9999
31,Avalanche_Cr,2024-10-19,17:40,9.6,130.5,8.13,-9999,"TSS, Nuts, DOC, Alk",-9999,4,1.1,1.23,101.45,1110.23,1.24,1.237,,17:40:00,10.000000000000009,10.000000000000009,1.00878,2.9999999999998916,0.784456,13.704081
32,Canyon_cr_avalanche (HP_old),2024-10-19,18:00,7.9,101.6,8.06,-9999,"TSS, Nuts, DOC, Alk",-9999,5,1.08,1.21,101.21,1153.17,1.223,1.22,"Glass vial broke, sample gone ",18:00:00,13.000000000000123,13.000000000000123,1.05196,3.0000000000001137,-9999,-9999
33,SFP_BJ,2024-10-19,18:20,9.6,97.8,8.13,-9999,"TSS, Nuts, DOC, Alk",-9999,6,1.11,1.23,101.4,1143.84,1.234,1.23,"Glass vial broke, sample gone ",18:20:00,4.0000000000000036,4.0000000000000036,1.0424399999999998,4.0000000000000036,-9999,-9999
34,SFP_Wapiti,2024-11-03,10:30,5.1,75.1,7.82,-9999,"TSS, Nuts, DOC, Alk",-9999,27,1.101,1.227,88.73,1142.95,1.2312,1.22705,,10:30:00,4.1999999999999815,4.1999999999999815,1.05422,4.150000000000098,0.63507,2.444971
35,Camp_Cr,2024-11-03,11:00,2.8,77.0,7.69,-9999,"TSS, Nuts, DOC, Alk",-9999,28,1.108,1.232,88.33,1129.93,1.2364,1.23461,,11:00:00,4.3999999999999595,4.3999999999999595,1.0416,1.7899999999999583,0.780935,6.481243
36,SH_Cr,2024-11-03,11:10,1.7,82.1,7.92,-9999,"TSS, Nuts, DOC, Alk",-9999,29,1.117,1.243,88.79,1120.02,1.2546,1.24751,,11:10:00,11.599999999999833,11.599999999999833,1.03123,7.090000000000041,1.174603,5.294202
37,HP,2024-11-03,12:30,3.0,96.6,7.74,-9999,"TSS, Nuts, DOC, Alk",-9999,30,1.096,1.22,88.64,1136.18,1.224,1.22213,,12:30:00,4.0000000000000036,4.0000000000000036,1.04754,1.8700000000000383,0.813796,8.761433
38,Avalanche_Cr,2024-11-03,13:15,4.0,123.2,8.02,-9999,"TSS, Nuts, DOC, Alk",-9999,31,1.094,1.217,87.64,1123.76,1.2695,1.26391,,13:15:00,52.49999999999999,52.49999999999999,1.03612,5.589999999999984,0.909866,12.396324
39,Canyon_cr_avalanche (HP_old),2024-11-03,13:20,4.0,95.6,7.84,-9999,"TSS, Nuts, DOC, Alk",-9999,32,1.098,1.211,88.13,1139.86,1.2202,-9999,,13:20:00,9.199999999999875,9.199999999999875,1.05173,-9999,0.79921,3.317479
40,GO_Cr,2024-11-03,13:30,3.7,132.8,7.79,-9999,"TSS, Nuts, DOC, Alk",-9999,33,1.106,1.237,88.55,1055.63,1.2436,1.23988,,13:30:00,6.599999999999939,6.599999999999939,0.9670800000000002,3.7199999999999456,0.719403,15.959122
41,Fox_Cr,2024-11-03,14:00,4.5,173.6,7.93,-9999,"TSS, Nuts, DOC, Alk",-9999,34,1.065,1.197,88.55,1148.14,1.2019,1.1976,,14:00:00,4.899999999999904,4.899999999999904,1.0595900000000003,4.2999999999999705,1.625443,4.96391
42,SFP_Wolf_Cr,2024-11-03,14:40,5.4,86.5,8.08,-9999,"TSS, Nuts, DOC, Alk",-9999,35,1.101,1.23,88.71,1136.85,1.2356,1.23254,,14:40:00,5.600000000000049,5.600000000000049,1.0481399999999998,3.0600000000000627,0.580412,7.621338
43,Canyon_Cr_SFP,2024-11-03,15:00,4.1,103.1,8.08,-9999,"TSS, Nuts, DOC, Alk",-9999,36,1.078,1.209,87.69,1078.19,1.2155,1.21401,,15:00:00,6.49999999999995,6.49999999999995,0.9905,1.4899999999999913,0.84146,10.319004
44,SFP_Canyon_Cr,2024-11-03,15:10,5.7,78.4,7.91,-9999,"TSS, Nuts, DOC, Alk",-9999,42,1.069,1.193,101.22,1065.01,1.1993,1.19448,,15:10:00,6.299999999999972,6.299999999999972,0.9637899999999999,4.8200000000000465,0.652339,5.983289
45,SFP_Chap,2024-11-04,13:00,5.1,86.7,8.1,-9999,"TSS, Nuts, DOC, Alk",-9999,37,1.08,1.21,88.64,1139.5,1.2188,1.21068,,13:00:00,8.800000000000141,8.800000000000141,1.05086,8.120000000000127,0.635405,5.299232
46,Chapman_Cr,2024-11-04,13:20,5.1,105.9,8.03,-9999,"TSS, Nuts, DOC, Alk",-9999,38,1.095,1.227,88.42,1091.96,1.236,1.22905,,13:20:00,8.999999999999897,8.999999999999897,1.00354,6.950000000000012,0.432535,9.135317
47,Warm_Sp,2024-11-04,13:40,8.2,109.4,8.14,-9999,"TSS, Nuts, DOC, Alk",-9999,39,1.101,1.229,87.87,1120.7,1.236,1.23234,,13:40:00,6.999999999999895,6.999999999999895,1.03283,3.6599999999999966,0.506474,8.974362
48,SFP_BJ,2024-11-04,14:00,5.8,93.0,8.1,-9999,"TSS, Nuts, DOC, Alk",-9999,40,1.104,1.237,88.01,1105.42,1.2452,1.23789,,14:00:00,8.199999999999985,8.199999999999985,1.0174100000000001,7.31000000000015,0.491552,8.499882
49,BJ_Cr,2024-11-04,14:20,4.3,52.3,8.01,-9999,"TSS, Nuts, DOC, Alk",-9999,41,1.062,1.186,88.58,1075.83,1.1922,1.18744,,14:20:00,6.199999999999983,6.199999999999983,0.9872499999999998,4.759999999999875,0.653512,4.336858
50,SFP_DW,2024-11-04,16:15,4.9,99.0,7.98,-9999,"TSS, Nuts, DOC, Alk",-9999,43,1.096,1.223,101.44,1091.72,1.2306,1.22174,,16:15:00,7.599999999999829,7.599999999999829,0.9902799999999999,8.859999999999868,0.621992,6.699202
51,SFP_Alder_Cr,2024-11-09,08:30,-9999,111.9,8.41,-9999,"TSS, Nuts, DOC, Alk",-9999,44,1.092,1.214,88.07,1115.8,1.21681,1.21594,,08:30:00,2.809999999999979,2.809999999999979,1.02773,0.8699999999999264,0.529611,10.374332
52,SFP_DW,2024-11-09,09:40,-9999,104.8,7.93,-9999,"TSS, Nuts, DOC, Alk",-9999,45,1.099,1.223,88.79,1115.61,1.22771,1.22673,,09:40:00,4.709999999999992,4.709999999999992,1.0268199999999998,0.9799999999999809,0.297233,9.650036
53,BJ_Cr,2024-11-09,10:15,-9999,61.6,8.12,-9999,"TSS, Nuts, DOC, Alk",-9999,46,1.201,1.223,88.56,1119.97,1.22534,1.22395,,10:15:00,2.3400000000000087,2.3400000000000087,1.0314100000000002,1.3900000000000023,0.395147,5.973229
54,SFP_BJ,2024-11-09,10:30,-9999,101.5,8.22,-9999,"TSS, Nuts, DOC, Alk",-9999,47,1.095,1.218,88.11,1121.83,1.22115,1.22053,,10:30:00,3.149999999999986,3.149999999999986,1.03372,0.6200000000000649,0.357758,8.305395
55,Warm_Sp,2024-11-09,10:35,-9999,116.1,8.02,-9999,"TSS, Nuts, DOC, Alk",-9999,48,1.098,1.222,88.59,1122.91,1.22274,1.22237,,10:35:00,0.7399999999999629,0.7399999999999629,1.0343200000000001,0.36999999999998145,0.249282,10.729774
56,SFP_Chap,2024-11-09,10:45,-9999,95.7,7.95,-9999,"TSS, Nuts, DOC, Alk",-9999,49,1.088,1.21,88.12,1130.0,1.21255,1.21184,,10:45:00,2.5500000000000522,2.5500000000000522,1.0418800000000001,0.7099999999999884,0.467409,9.096755
57,HP,2024-11-09,11:00,-9999,100.3,7.83,-9999,"TSS, Nuts, DOC, Alk",-9999,50,1.088,1.21,88.73,1133.81,1.21524,1.21425,,11:00:00,5.240000000000133,5.240000000000133,1.04508,0.9900000000000464,0.395985,9.886438
58,Avalanche_Cr,2024-11-09,11:15,-9999,127.5,7.85,-9999,"TSS, Nuts, DOC, Alk",-9999,51,1.062,1.185,88.77,1125.45,1.18642,1.18574,,11:15:00,1.4199999999999768,1.4199999999999768,1.03668,0.6800000000000139,0.428847,13.742642
59,GO_Cr,2024-11-09,11:30,-9999,136.5,7.99,-9999,"TSS, Nuts, DOC, Alk",-9999,52,1.055,1.179,88.75,939.39,1.18053,1.17979,,11:30:00,1.5300000000000313,1.5300000000000313,0.85064,0.740000000000185,0.474786,15.41087
60,Fox_Cr,2024-11-09,11:40,-9999,175.2,8.51,-9999,"Nuts, DOC, Alk",-9999,-9999,-9999,-9999,-9999,-9999,-9999,-9999,TSS bottle leaked in cooler,11:40:00,-9999,-9999,-9999,-9999,0.677488,21.429901
61,SFP_Wolf_Cr,2024-11-09,11:50,-9999,93.3,7.99,-9999,"TSS, Nuts, DOC, Alk",-9999,54,1.079,1.204,88.75,1143.0,1.20588,1.20511,,11:50:00,1.8800000000001038,1.8800000000001038,1.05425,0.7700000000001594,0.300251,8.585388
62,Canyon_Cr_SFP,2024-11-09,12:00,-9999,107.8,7.98,-9999,"TSS, Nuts, DOC, Alk",-9999,55,1.095,1.218,87.69,1129.6,1.22278,1.22189,,12:00:00,4.7800000000000065,4.7800000000000065,1.04191,0.8900000000000574,0.400512,11.224373
63,SFP_Canyon_Cr,2024-11-09,12:10,-9999,82.1,8.08,-9999,"TSS, Nuts, DOC, Alk",-9999,53,1.083,1.211,88.91,1144.09,1.2108,1.21022,,12:10:00,-0.19999999999997797,-0.19999999999997797,1.0551799999999998,0.5800000000000249,0.402859,7.485532
64,Camp_Cr,2024-11-09,12:20,-9999,79.6,7.88,-9999,"TSS, Nuts, DOC, Alk",-9999,56,1.088,1.213,88.95,1125.12,1.21643,1.2151,,12:20:00,3.429999999999822,3.429999999999822,1.0361699999999998,1.3299999999998313,0.418955,8.73293
65,SH_Cr,2024-11-09,12:30,-9999,80.5,8.02,-9999,"TSS, Nuts, DOC, Alk",-9999,57,1.074,1.204,88.59,1067.57,1.20766,1.20682,,12:30:00,3.6599999999999966,3.6599999999999966,0.9789799999999999,0.8399999999999519,0.748576,9.108492
66,SFP_Wapiti,2024-11-09,12:40,-9999,86.6,8.01,-9999,"TSS, Nuts, DOC, Alk",-9999,58,1.083,1.207,88.31,1117.76,1.21005,1.20902,,12:40:00,3.049999999999997,3.049999999999997,1.02945,1.0300000000000864,0.462379,6.819918
67,Wapiti_Cr,2024-11-09,16:00,-9999,87.5,7.92,-9999,"TSS, Nuts, DOC, Alk",-9999,59,1.092,1.213,88.08,1034.73,1.21914,1.21791,,16:00:00,6.139999999999812,6.139999999999812,0.94665,1.2299999999998423,0.392967,9.287889
68,SFP_Alder_Cr,2024-11-24,09:15,-9999,94.3,7.96,-9999,"TSS, Nuts, DOC, Alk",-9999,4,1.10401,1.22797,88.51,1143.17,1.25297,1.24823,,09:15:00,24.99999999999991,24.99999999999991,1.0546600000000002,4.7399999999999665,2.056165,10.905817
69,SFP_DW,2024-11-24,09:54,-9999,115.5,7.85,-9999,"TSS, Nuts, DOC, Alk",-9999,22,1.11079,1.23411,88.35,1137.7,1.24575,1.24357,,09:54:00,11.639999999999873,11.639999999999873,1.0493500000000002,2.1799999999998487,1.013648,10.114458
70,BJ_Cr,2024-11-24,10:53,-9999,70.3,7.95,-9999,"TSS, Nuts, DOC, Alk",-9999,5,1.08887,1.21197,88.25,1130.7,1.21413,1.21233,,10:53:00,2.1599999999999397,2.1599999999999397,1.04245,1.8000000000000238,1.201429,7.15524
71,SFP_BJ,2024-11-24,16:00,-9999,105.1,7.82,-9999,"TSS, Nuts, DOC, Alk",-9999,13,1.06384,1.18838,87.79,1108.58,1.19682,1.19571,Bottle says SFP at warm springs,16:00:00,8.440000000000003,8.440000000000003,1.0207899999999999,1.1099999999999444,0.656027,9.375072
72,Warm_Sp,2024-11-24,11:07,-9999,112.4,8.01,-9999,"TSS, Nuts, DOC, Alk",-9999,14,1.07599,1.19937,88.32,1138.31,1.24092,1.23873,,11:07:00,41.549999999999976,41.549999999999976,1.04999,2.1899999999999142,0.680171,11.682089
73,SFP_Chap,2024-11-24,11:20,-9999,91.0,7.95,-9999,"TSS, Nuts, DOC, Alk",-9999,8,1.10635,1.22996,88.68,1136.98,1.23372,1.23261,,11:20:00,3.7599999999999856,3.7599999999999856,1.0483,1.1099999999999444,0.898298,8.722871
74,HP,2024-11-24,11:42,-9999,109.9,8.09,-9999,"TSS, Nuts, DOC, Alk",-9999,3,1.10604,1.23191,87.83,1128.19,1.23412,1.23288,,11:42:00,2.2100000000000453,2.2100000000000453,1.0403600000000002,1.2400000000001299,0.546377,9.896498
75,Avalanche_Cr,2024-11-24,11:55,-9999,126.9,8.11,-9999,"TSS, Nuts, DOC, Alk",-9999,16,1.09612,1.21856,88.49,1124.38,1.22548,1.22249,,11:55:00,6.919999999999815,6.919999999999815,1.0358900000000002,2.989999999999826,0.813126,14.743578
76,GO_Cr,2024-11-24,12:11,-9999,135.9,7.9,-9999,"TSS, Nuts, DOC, Alk",-9999,25,1.09748,1.22225,88.49,837.95,1.22509,1.22367,TSS bottle not completely filled,12:11:00,2.8399999999999537,2.8399999999999537,0.74946,1.4199999999999768,1.022199,15.578531
77,Fox_Cr,2024-11-24,13:30,-9999,188.9,8.03,-9999,"TSS, Nuts, DOC, Alk",-9999,7,1.08234,1.20739,87.46,1127.14,1.20993,1.20851,,13:30:00,2.5399999999999867,2.5399999999999867,1.0396800000000002,1.4199999999999768,1.531386,20.207653
78,SFP_Wolf_Cr,2024-11-24,13:14,-9999,88.4,7.86,-9999,"TSS, Nuts, DOC, Alk",-9999,20,1.06125,1.18578,88.33,1126.42,1.18904,1.18784,,13:14:00,3.2600000000000406,3.2600000000000406,1.0380900000000002,1.2000000000000899,0.974248,8.72287
79,Canyon_Cr_SFP,2024-11-24,14:05,-9999,108.1,7.87,-9999,"TSS, Nuts, DOC, Alk",-9999,60,1.09381,1.21783,88.4,1137.76,1.22348,1.22174,,14:05:00,5.649999999999933,5.649999999999933,1.0493599999999998,1.7399999999998528,0.558113,11.112041
80,SFP_Canyon_Cr,2024-11-24,14:15,-9999,77.5,7.92,-9999,"TSS, Nuts, DOC, Alk",-9999,11,1.0855,1.20881,88.46,1137.13,1.21528,1.21436,,14:15:00,6.469999999999976,6.469999999999976,1.04867,0.9199999999998099,0.970895,7.487209
81,Camp_Cr,2024-11-24,15:20,-9999,85.3,7.81,-9999,"TSS, Nuts, DOC, Alk",-9999,6,1.10358,1.2263,87.42,1110.77,1.23685,1.23572,,15:20:00,10.55000000000006,10.55000000000006,1.02335,1.1300000000000754,0.987638,12.164358
82,SH_Cr,2024-11-24,15:11,-9999,79.4,8.1,-9999,"TSS, Nuts, DOC, Alk",-9999,9,1.06299,1.18718,887.59,1126.84,1.23012,1.22715,,15:11:00,42.9400000000002,42.9400000000002,0.23924999999999988,2.970000000000139,1.561752,11.501588
83,SFP_Alder_Cr,2025-01-17,07:44,0.2,25.5,7.32,-9999,"TSS, Nuts, DOC, Alk",-9999,25,1.09747,1.2276,88.43,1124.32,1.22865,1.22795,Lab(omega) EC = 127.5 @7.8C,07:44:00,1.0499999999999954,1.0499999999999954,1.03589,0.6999999999999229,1.183241,14.58304
84,SFP_DW,2025-01-17,08:22,0.3,5.3,7.48,-9999,"TSS, Nuts, DOC, Alk",-9999,13,1.06382,1.18881,88.36,1124.99,1.18921,1.18879,Lab(omega) EC = 120.8 @8.0C,08:22:00,0.400000000000178,0.400000000000178,1.0366300000000002,0.42000000000008697,0.460219,13.485596
85,BJ_Cr,2025-01-17,09:13,1.1,52.2,7.21,-9999,"TSS, Nuts, DOC, Alk",-9999,9,1.06293,1.189689,87.46,1034.02,1.18888,1.18744,Lab(omega) EC = 64.67 @7.8C,09:13:00,-0.8090000000000597,-0.8090000000000597,0.94656,1.4399999999998858,0.56028,7.895083
86,SFP_BJ,2025-01-17,09:58,1.2,92.5,7.14,-9999,"TSS, Nuts, DOC, Alk",-9999,20,1.06119,1.19206,88.47,1103.92,1.19452,1.19363,Lab(omega) EC = 114.5 @8.3C,09:58:00,2.4600000000001288,2.4600000000001288,1.01545,0.8900000000000574,0.677771,11.921199
87,Warm_Sp,2025-01-17,10:35,5.3,107.7,7.44,-9999,"TSS, Nuts, DOC, Alk",-9999,46,1.10076,1.23195,87.44,1123.14,1.23693,1.23622,Lab(omega) EC = 133.9 @8.0C,10:35:00,4.979999999999984,4.979999999999984,1.0357,0.7099999999999884,0.782567,14.813288
88,SFP_Chap,2025-01-17,16:04,-9999,-9999,7.03,-9999,"TSS, Nuts, DOC, Alk",-9999,14,1.07589,1.2066,88.35,715.64,1.21031,1.20928,Lab(omega) EC = 101.6 @11.9C,16:04:00,3.710000000000102,3.710000000000102,0.62729,1.0300000000000864,0.465814,10.703251
89,HP,2025-01-17,11:25,1.3,92.4,7.42,-9999,"TSS, Nuts, DOC, Alk",-9999,60,1.09364,1.22496,88.71,1121.81,1.22545,1.22479,Lab(omega) EC = 114.3 @8.5C,11:25:00,0.4899999999998794,0.4899999999998794,1.0331,0.6599999999998829,2.108323,12.280558
90,Avalanche_Cr,2025-01-17,11:45,1.7,116.8,7.38,-9999,"TSS, Nuts, DOC, Alk",-9999,51,1.06185,1.19312,88.34,1063.49,1.19561,1.1949,Lab(omega) EC = 145.3 @7.2C,11:45:00,2.4900000000001032,2.4900000000001032,0.97515,0.7099999999999884,0.842173,18.525234
91,GO_Cr,2025-01-17,11:57,1.5,121.0,7.06,-9999,"TSS, Nuts, DOC, Alk",-9999,6,1.10344,1.23579,87.63,824.64,1.24951,1.24705,Lab(omega) EC = 130.9 @9.2C,11:57:00,13.719999999999954,13.719999999999954,0.7370099999999999,2.4599999999999067,1.066826,20.083174
92,Fox_Cr,2025-01-17,15:21,1.2,160.4,7.25,-9999,"TSS, Nuts, DOC, Alk",-9999,5,1.08876,1.21864,88.46,1034.95,1.23582,1.2201,Lab EC(omega) = 199.8 @8.9C,15:21:00,17.17999999999997,17.17999999999997,0.94649,15.719999999999956,1.129876,25.774822
93,SFP_Wolf_Cr,2025-01-17,15:34,1.3,84.5,7.47,-9999,"TSS, Nuts, DOC, Alk",-9999,7,1.08231,1.21231,88.07,920.59,1.21761,1.21658,Lab(omega) EC = 104.4 @7.6C,15:34:00,5.300000000000082,5.300000000000082,0.8325199999999999,1.0300000000000864,0.450536,10.948562
94,Canyon_Cr_SFP,2025-01-17,14:32,1.7,100.5,7.34,-9999,"TSS, Nuts, DOC, Alk",-9999,50,1.08727,1.21728,87.82,1121.66,1.22062,1.21937,Lab(omega) EC = 124.5 @9.2C,14:32:00,3.3400000000001207,3.3400000000001207,1.03384,1.2499999999999734,0.831414,14.5357
95,SFP_Canyon_Cr,2025-01-17,14:19,1.9,75.4,7.5,-9999,"TSS, Nuts, DOC, Alk",-9999,58,1.0828,1.21334,88.36,1126.74,1.21895,1.21649,Lab(omega) EC = 93.70 @7.9C,14:19:00,5.609999999999893,5.609999999999893,1.03838,2.4599999999999067,0.634734,9.343281
96,Camp_Cr,2025-01-17,13:52,1.4,79.5,7.05,-9999,"TSS, Nuts, DOC, Alk",-9999,22,1.11069,1.24128,88.54,634.51,1.24499,1.24419,Lab(omega) EC = 98.33 @11.9C,13:52:00,3.710000000000102,3.710000000000102,0.5459700000000001,0.8000000000001339,0.951487,12.299925
97,SH_Cr,2025-01-17,13:41,1.3,65.0,7.37,-9999,"TSS, Nuts, DOC, Alk",-9999,8,1.10626,1.23723,88.23,1053.98,1.41141,1.40853,"Lab(metrohm) EC = 81.43 @8.6C, **used both metrohm and omega for lab pH on this sample set and they are very comparable",13:41:00,174.18,174.18,0.96575,2.8799999999999937,1.035625,9.672514
98,SFP_Alder_Cr,2025-01-30,16:24,0.5,109.2,8.11,-9999,"TSS, Nuts, DOC, Alk",-9999,51,1.06184,1.19256,87.45,1158.5,1.20222,1.20111,Lab(metrohm) EC = 111.5 @7.5C,16:24:00,9.660000000000002,9.660000000000002,1.07105,1.1100000000001664,0.623545,13.85141
99,SFP_DW,2025-01-30,15:50,0.5,92.2,8.04,-9999,"TSS, Nuts, DOC, Alk",-9999,6,1.10346,1.23338,88.52,1161.6,1.23482,1.23414,Lab(metrohm) EC = 106.3 @4.7C,15:50:00,1.4400000000001079,1.4400000000001079,1.07308,0.6800000000000139,0.824528,13.59534
100,BJ_Cr,2025-01-30,15:00,0.8,49.7,7.95,-9999,"TSS, Nuts, DOC, Alk",-9999,20,1.06124,1.19253,88.37,511.1,1.19471,1.19341,"Had to break through ice for sample,Lab(metrohm) EC = 57.49 @4.4C",15:00:00,2.1799999999998487,2.1799999999998487,0.42273,1.2999999999998568,0.78601,7.951032
101,SFP_BJ,2025-01-30,14:10,-9999,98.8,7.77,-9999,"TSS, Nuts, DOC, Alk",-9999,25,1.09178,1.22851,87.62,1108.6,1.23037,1.23037,Lab(metrohm) EC = 103.0 @4.4C,14:10:00,1.8599999999999728,1.8599999999999728,1.02098,0.0,0.721884,12.547388
102,Warm_Sp,2025-01-30,14:06,6.3,98.7,7.97,-9999,"TSS, Nuts, DOC, Alk",-9999,8,1.10623,1.23845,88.33,1168.1,1.24267,1.24186,Lab(metrohm) EC = 125.7 @6.4C,14:06:00,4.2199999999998905,4.2199999999998905,1.07977,0.8099999999999774,0.718657,14.804682
103,SFP_Chap,2025-01-30,13:37,1.8,91.2,7.95,-9999,"TSS, Nuts, DOC, Alk",-9999,46,1.10059,1.23101,87.83,920.0,1.23209,1.23167,Lab(metrohm) EC = 95.39 @5.1C,13:37:00,1.0799999999999699,1.0799999999999699,0.83217,0.4199999999998649,0.399967,11.198176
104,HP,2025-01-30,08:51,3.7,98.6,8.09,-9999,"TSS, Nuts, DOC, Alk",-9999,7,1.08219,1.21282,88.71,1103.5,1.21434,1.21434,Lab(metrohm) EC = 101.0 @7.5C,08:51:00,1.5199999999999658,1.5199999999999658,1.0147899999999999,0.0,0.865628,13.0832
105,Avalanche_Cr,2025-01-30,09:08,0.6,124.3,7.75,-9999,"TSS, Nuts, DOC, Alk",-9999,22,1.11063,1.24091,88.43,644.8,1.24326,1.24241,Lab(metrohm) EC = 127.8 @5.9C,09:08:00,2.3500000000000743,2.3500000000000743,0.5563699999999999,0.8500000000000174,2.054311,20.487722
106,GO_Cr,-9999,0n:an,-9999,-9999,-9999,-9999,-9999,-9999,-9999,-9999,-9999,-9999,-9999,-9999,-9999,"Creek frozen over, couldn't get sample ",-9999,-9999,-9999,-9999,-9999,-9999,-9999
107,Fox_Cr,2025-01-30,12:50,0.9,88.0,7.73,-9999,"TSS, Nuts, DOC, Alk",-9999,50,1.08727,1.21984,88.32,1138.2,1.22171,1.22084,"Had to break through ice for sample,Lab(metrohm) EC = 174.7 @6.3C",12:50:00,1.8700000000000383,1.8700000000000383,1.0498800000000001,0.8700000000001484,2.411519,28.440968
108,SFP_Wolf_Cr,2025-01-30,13:05,0.6,96.4,7.74,-9999,"TSS, Nuts, DOC, Alk",-9999,14,1.07592,1.20942,88.49,1162.2,1.23606,1.23278,Lab(metrohm) EC = 94.81 @7.8C,13:05:00,26.639999999999997,26.639999999999997,1.07371,3.2799999999999496,1.558094,13.268259
109,Canyon_Cr_SFP,2025-01-30,10:27,0.3,68.3,8.1,-9999,"TSS, Nuts, DOC, Alk",-9999,60,1.09359,1.22525,88.48,1108.0,1.22912,1.22815,Lab(metrohm) EC = 113.6 @5.2C,10:27:00,3.87000000000004,3.87000000000004,1.01952,0.9699999999999154,1.161077,15.551373
110,SFP_Canyon_Cr,2025-01-30,10:35,0.3,48.2,8.14,-9999,"TSS, Nuts, DOC, Alk",-9999,9,1.06288,1.19365,87.46,1115.2,1.19501,1.19404,Lab(metrohm) EC = 88.88 @5.3C,10:35:00,1.3599999999998058,1.3599999999998058,1.02774,0.9699999999999154,1.75047,11.191721
111,Camp_Cr,2025-01-30,11:35,1.0,81.9,8.08,-9999,"TSS, Nuts, DOC, Alk",-9999,13,1.06383,1.19489,88.1,1093.6,1.19737,1.19661,Lab(metrohm) EC = 86.73 @5.2C,11:35:00,2.4800000000000377,2.4800000000000377,1.0054999999999998,0.7600000000000939,1.460615,12.919659
112,SH_Cr,2025-01-30,11:22,0.3,20.9,7.96,-9999,"TSS, Nuts, DOC, Alk",-9999,5,1.08864,1.21926,88.22,1124.9,1.23974,1.23806,"Had to break through ice for sample,Lab(metrohm) EC = 70.62 @7.4C",11:22:00,20.480000000000054,20.480000000000054,1.03668,1.6800000000001258,1.740141,10.875399
113,SFP_Alder_Cr,2025-02-15,08:50,0.6,102.7,7.91,-9999,"TSS, Nuts, DOC, Alk",-9999,5,1.08888,1.21926,87.43,1135.29,1.22298,1.22181,,08:50:00,3.7199999999999456,3.7199999999999456,1.0478599999999998,1.1699999999998933,2.607337,15.572892
114,SFP_DW,2025-02-15,13:00,0.3,99.3,7.9,-9999,"TSS, Nuts, DOC, Alk",-9999,25,1.09773,1.22826,88.41,1140.12,1.24042,1.23833,,13:00:00,12.16000000000017,12.16000000000017,1.0517099999999997,2.0900000000001473,2.471555,14.81544
115,BJ_Cr,2025-02-15,14:00,2.2,64.2,7.99,-9999,"TSS, Nuts, DOC, Alk",-9999,51,1.06219,1.19369,88.42,1092.78,1.19824,1.19601,Had to break through ice,14:00:00,4.550000000000054,4.550000000000054,1.00436,2.2299999999999542,1.672788,9.304546
116,SFP_BJ,2025-02-15,14:50,3.3,92.4,8.04,-9999,"TSS, Nuts, DOC, Alk",-9999,6,1.10355,1.23456,87.8,1112.77,1.24461,1.24045,,14:50:00,10.049999999999892,10.049999999999892,1.02497,4.1599999999999415,2.077766,13.399522
117,Warm_Sp,2025-02-15,15:40,8.4,120.6,7.94,-9999,"TSS, Nuts, DOC, Alk",-9999,50,1.08724,1.21766,88.71,1123.34,1.22059,1.21977,,15:40:00,2.930000000000099,2.930000000000099,1.03463,0.8200000000000429,1.998793,16.859699
118,SFP_Chap,2025-02-15,16:05,3.9,83.9,7.98,-9999,"TSS, Nuts, DOC, Alk",-9999,14,1.07609,1.20675,87.47,1089.64,1.2137,1.21233,,16:05:00,6.950000000000012,6.950000000000012,1.00217,1.3700000000000934,2.165562,12.822825
119,HP,-9999,0n:an,-9999,-9999,-9999,-9999,-9999,-9999,-9999,-9999,-9999,-9999,-9999,-9999,-9999,"Road Closed, could not sample",-9999,-9999,-9999,-9999,-9999,-9999,-9999
120,Avalanche_Cr,-9999,0n:an,-9999,-9999,-9999,-9999,-9999,-9999,-9999,-9999,-9999,-9999,-9999,-9999,-9999,"Road Closed, could not sample",-9999,-9999,-9999,-9999,-9999,-9999,-9999
121,GO_Cr,-9999,0n:an,-9999,-9999,-9999,-9999,-9999,-9999,-9999,-9999,-9999,-9999,-9999,-9999,-9999,"Road Closed, could not sample",-9999,-9999,-9999,-9999,-9999,-9999,-9999
122,Fox_Cr,2025-02-15,16:35,1.9,170.5,7.89,-9999,"TSS, Nuts, DOC, Alk",-9999,22,1.11074,1.24235,88.2,1121.89,1.24343,1.24254,,16:35:00,1.0799999999999699,1.0799999999999699,1.03369,0.8900000000000574,2.51158,27.481243
123,SFP_Wolf_Cr,2025-02-15,17:10,3.2,84.9,7.94,-9999,"TSS, Nuts, DOC, Alk",-9999,13,1.06451,1.19522,88.48,1145.03,1.20021,1.19857,,17:10:00,4.99000000000005,4.99000000000005,1.0565499999999999,1.6400000000000858,1.682041,12.246128
124,Canyon_Cr_SFP,2025-02-15,15:25,3.0,103.4,7.88,-9999,"TSS, Nuts, DOC, Alk",-9999,60,1.09383,1.22452,88.36,1135.65,1.23561,1.23328,,15:25:00,11.090000000000044,11.090000000000044,1.0472900000000003,2.3300000000001653,2.074539,16.980204
125,SFP_Canyon_Cr,2025-02-15,16:30,3.5,73.0,8.06,-9999,"TSS, Nuts, DOC, Alk",-9999,7,1.08241,1.21369,88.36,1141.91,1.2248,1.22148,,16:30:00,11.110000000000175,11.110000000000175,1.0535500000000002,3.3200000000002117,2.009337,10.279336
126,Camp_Cr,2025-02-15,14:35,2.7,82.4,7.88,-9999,"TSS, Nuts, DOC, Alk",-9999,4,1.10411,1.23431,88.51,1072.96,1.23677,1.23586,,14:35:00,2.4599999999999067,2.4599999999999067,0.98445,0.9099999999999664,2.184068,13.855715
127,SH_Cr,2025-02-15,14:20,1.5,67.9,-9999,-9999,"TSS, Nuts, DOC, Alk",-9999,46,1.10091,1.23171,88.11,737.44,1.25185,1.2506,"1L Bottle not all the way full, had to break throuhg ice",14:20:00,20.139999999999823,20.139999999999823,0.6493300000000001,1.2499999999999734,2.873737,10.838818
128,SFP_Wapiti,2025-02-15,12:45,3.2,71.9,7.98,-9999,"TSS, Nuts, DOC, Alk",-9999,9,1.0631,1.19565,88.36,1132.84,1.19638,1.19598,,12:45:00,0.7299999999998974,0.7299999999998974,1.04448,0.39999999999995595,1.431565,9.317458
129,SFP_Alder_Cr,2025-03-02,08:15,3.3,96.2,7.58,-9999,"TSS, Nuts, DOC, Alk",-9999,60,1.09389,1.22051,87.84,1126.01,1.22893,1.22688,,08:15:00,8.420000000000094,8.420000000000094,1.03817,2.0500000000001073,3.483572,15.641751
130,SFP_DW,2025-03-02,08:55,2.2,98.7,7.34,-9999,"TSS, Nuts, DOC, Alk",-9999,13,1.06467,1.19248,88.36,1138.82,1.20327,1.20161,,08:55:00,10.790000000000077,10.790000000000077,1.05046,1.6599999999999948,3.333372,16.338951
131,BJ_Cr,2025-03-02,10:15,1.8,55.1,7.35,-9999,"TSS, Nuts, DOC, Alk",-9999,25,1.09785,1.22371,88.38,1107.88,1.22524,1.22442,,10:15:00,1.5300000000000313,1.5300000000000313,1.0195,0.8200000000000429,1.673649,9.149613
132,SFP_BJ,2025-03-02,18:40,6.1,93.1,7.4,-9999,"TSS, Nuts, DOC, Alk",-9999,14,1.07619,1.20186,88.98,1150.6,1.20924,1.20818,,18:40:00,7.380000000000164,7.380000000000164,1.0616199999999998,1.060000000000061,2.520187,14.167732
133,Warm_Sp,2025-03-02,18:30,9.1,114.3,7.51,-9999,"TSS, Nuts, DOC, Alk",-9999,22,1.11082,1.23651,88.4,1094.01,1.26331,1.26164,,18:30:00,26.799999999999933,26.799999999999933,1.0056100000000001,1.6699999999998383,0.990005,15.57074
134,SFP_Chap,-9999,0n:an,-9999,-9999,-9999,-9999,-9999,-9999,-9999,-9999,-9999,-9999,-9999,-9999,-9999,"dangerous conditions, could not sample ",-9999,-9999,-9999,-9999,-9999,-9999,-9999
135,HP,2025-03-02,11:00,2.7,96.0,7.2,-9999,"TSS, Nuts, DOC, Alk",-9999,7,1.08246,1.20842,88.52,1082.6,1.30633,1.30441,,11:00:00,97.90999999999994,97.90999999999994,0.99408,1.9199999999999218,1.351732,13.866474
136,Avalanche_Cr,2025-03-02,11:26,3.2,115.3,7.6,-9999,"TSS, Nuts, DOC, Alk",-9999,5,1.08899,1.21565,88.71,1142.03,1.27106,1.26811,,11:26:00,55.41000000000018,55.41000000000018,1.05332,2.950000000000008,2.583882,19.704449
137,GO_Cr,2025-03-02,12:00,3.7,119.4,7.62,-9999,"TSS, Nuts, DOC, Alk",-9999,8,1.10647,1.23326,87.82,1137.83,1.24189,1.23959,,12:00:00,8.629999999999916,8.629999999999916,1.0500099999999999,2.2999999999999687,1.206697,19.2418
138,Fox_Cr,2025-03-02,17:20,4.2,135.0,7.49,-9999,"TSS, Nuts, DOC, Alk",-9999,6,1.10362,1.22975,88.44,1128.95,1.24023,1.23667,,17:20:00,10.480000000000045,10.480000000000045,1.04051,3.5600000000000076,2.949266,22.652485
139,SFP_Wolf_Cr,2025-03-02,17:30,5.2,90.7,7.48,-9999,"TSS, Nuts, DOC, Alk",-9999,4,1.10414,1.23144,88.36,1146.14,1.24064,1.23833,,17:30:00,9.199999999999875,9.199999999999875,1.0577800000000002,2.3100000000000342,2.348039,14.0128
140,Canyon_Cr_SFP,2025-03-02,16:00,4.6,106.9,7.39,-9999,"TSS, Nuts, DOC, Alk",-9999,9,1.06321,1.18977,88.49,1146.88,1.19927,1.19713,,16:00:00,9.500000000000064,9.500000000000064,1.0583900000000002,2.1400000000000308,1.266733,15.467451
141,SFP_Canyon_Cr,2025-03-02,16:20,5.1,75.4,7.63,-9999,"TSS, Nuts, DOC, Alk",-9999,20,1.06128,1.18713,88.32,1148.42,1.22394,1.22004,,16:20:00,36.81000000000001,36.81000000000001,1.0601,3.9000000000000146,1.914011,10.804388
142,Camp_Cr,2025-03-02,15:20,5.4,86.2,7.29,-9999,"TSS, Nuts, DOC, Alk",-9999,58,1.08295,1.21562,87.61,1147.96,1.53894,1.52569,,15:20:00,323.32000000000005,323.32000000000005,1.0603500000000001,13.249999999999984,2.147056,13.517874
143,SH_Cr,2025-03-02,15:00,5.8,54.0,7.42,-9999,"TSS, Nuts, DOC, Alk",-9999,55,1.09429,1.22181,88.43,1140.23,1.43265,1.42028,,15:00:00,210.83999999999992,210.83999999999992,1.0517999999999998,12.369999999999992,2.958519,9.011895
144,SFP_Alder_Cr,2025-03-19,08:10,3.9,90.1,7.66,-9999,"TSS, Nuts, DOC, Alk",-9999,60,1.09403,1.22094,88.35,1141.14,1.22874,1.22665,,08:10:00,7.800000000000029,7.800000000000029,1.0527900000000001,2.0899999999999253,2.504694,13.989129
145,SFP_DW,2025-03-19,08:41,1.8,99.9,7.65,-9999,"TSS, Nuts, DOC, Alk",-9999,13,1.06415,1.19247,88.52,1111.06,1.19563,1.19446,,08:41:00,3.1600000000000517,3.1600000000000517,1.02254,1.1699999999998933,2.892027,15.932251
146,BJ_Cr,2025-03-19,09:35,0.6,55.6,7.61,-9999,"TSS, Nuts, DOC, Alk",-9999,14,1.07624,1.20391,89.2,1065.29,1.20717,1.20549,,09:35:00,3.2600000000000406,3.2600000000000406,0.9760899999999999,1.6800000000001258,2.704171,11.258429
147,SFP_BJ,2025-03-19,10:15,1.1,93.6,7.62,-9999,"TSS, Nuts, DOC, Alk",-9999,25,1.09785,1.22314,87.44,1118.01,1.22588,1.22503,,10:15:00,2.7400000000001867,2.7400000000001867,1.03057,0.8500000000000174,1.22219,13.535088
148,Warm_Sp,2025-03-19,10:55,4.6,115.0,7.58,-9999,"TSS, Nuts, DOC, Alk",-9999,20,1.06415,1.18929,87.63,1101.42,1.19518,1.19413,,10:55:00,5.889999999999951,5.889999999999951,1.01379,1.0499999999999954,1.927567,17.072735
149,SFP_Chap,2025-03-19,11:25,1.1,87.2,7.57,-9999,"TSS, Nuts, DOC, Alk",-9999,9,1.06326,1.19051,87.48,1124.43,1.1977,1.19595,,11:25:00,7.19000000000003,7.19000000000003,1.03695,1.7499999999999183,1.223051,12.009425
150,Fox_Cr,2025-03-19,14:30,3.0,134.9,7.59,-9999,"TSS, Nuts, DOC, Alk",-9999,5,1.08901,1.21797,88.5,1105.05,1.21977,1.21875,,14:30:00,1.8000000000000238,1.8000000000000238,1.01655,1.020000000000021,2.988861,24.068405
151,SFP_Wolf_Cr,2025-03-19,14:45,5.2,88.4,7.68,-9999,"TSS, Nuts, DOC, Alk",-9999,22,1.11103,1.23731,87.8,1134.36,1.24189,1.24065,,14:45:00,4.5800000000000285,4.5800000000000285,1.04656,1.2399999999999078,1.889695,13.283321
152,Canyon_Cr_SFP,2025-03-19,13:45,2.4,110.5,7.63,-9999,"TSS, Nuts, DOC, Alk",-9999,4,1.10429,1.23124,88.36,1140.98,1.24274,1.23768,,13:45:00,11.500000000000066,11.500000000000066,1.0526200000000001,5.0600000000000644,2.144474,16.70907
153,SFP_Canyon_Cr,2025-03-19,13:50,4.1,72.7,7.71,-9999,"TSS, Nuts, DOC, Alk",-9999,6,1.10376,1.22966,88.44,1119.97,1.23447,1.23343,,13:50:00,4.809999999999981,4.809999999999981,1.03153,1.0399999999999299,0.807313,9.963014
154,Camp_Cr,2025-03-19,13:10,2.8,79.5,7.58,-9999,"TSS, Nuts, DOC, Alk",-9999,8,1.10655,1.23277,88.7,1092.33,1.23857,1.23781,,13:10:00,5.800000000000027,5.800000000000027,1.0036299999999998,0.7599999999998719,1.643523,13.175729
155,SH_Cr,2025-03-19,12:55,0.6,60.2,7.69,-9999,"TSS, Nuts, DOC, Alk",-9999,58,1.08315,1.20921,88.23,1133.6,1.22533,1.22314,,12:55:00,16.120000000000132,16.120000000000132,1.04537,2.1900000000001363,1.339036,8.730002
156,SFP_Alder_Cr,2025-03-30,08:30,5.6,58.1,7.7,-9999,"TSS, Nuts, DOC, Alk",-9999,25,1.09782,1.22538,87.8,1140.05,1.24697,1.24309,,08:30:00,21.589999999999996,21.589999999999996,1.05225,3.8799999999998835,3.027379,12.966999
157,SFP_DW,2025-03-30,09:05,4.8,81.9,7.61,-9999,"TSS, Nuts, DOC, Alk",-9999,20,1.06159,1.18897,87.86,1129.93,1.21011,1.20605,,09:05:00,21.139999999999937,21.139999999999937,1.0420700000000003,4.0599999999999525,3.025012,13.864322
158,BJ_Cr,2025-03-30,10:05,3.1,53.8,7.29,-9999,"TSS, Nuts, DOC, Alk",-9999,60,1.09409,1.22086,88.7,1046.68,1.22345,1.22242,,10:05:00,2.58999999999987,2.58999999999987,0.95798,1.0299999999998644,3.454091,11.863098
159,SFP_BJ,2025-03-30,10:55,4.5,81.1,7.19,-9999,"TSS, Nuts, DOC, Alk",-9999,22,1.11092,1.23704,88.44,1122.86,1.26056,1.25819,,10:55:00,23.519999999999985,23.519999999999985,1.03442,2.3699999999999832,1.541525,12.188028
160,Warm_Sp,2025-03-30,11:30,7.0,103.5,7.57,-9999,"TSS, Nuts, DOC, Alk",-9999,50,1.08731,1.21494,88.33,1089.77,1.43392,1.43092,,11:30:00,218.9800000000002,218.9800000000002,1.0014399999999999,3.0000000000001137,1.681395,15.572892
161,SFP_Chap,2025-03-30,11:45,4.6,82.4,7.3,-9999,"TSS, Nuts, DOC, Alk",-9999,14,1.07632,1.20318,88.45,1143.75,1.21837,1.21578,,11:45:00,15.190000000000037,15.190000000000037,1.0553,2.58999999999987,1.293416,10.948562
162,Fox_Cr,2025-03-30,15:45,5.3,103.2,7.49,-9999,"TSS, Nuts, DOC, Alk",-9999,46,1.10101,1.22627,87.44,1112.12,1.23878,1.23499,,15:45:00,12.510000000000021,12.510000000000021,1.0246799999999998,3.78999999999996,2.676627,17.47513
163,SFP_Wolf_Cr,2025-03-30,16:05,7.5,82.4,7.67,-9999,"TSS, Nuts, DOC, Alk",-9999,51,1.06213,1.18783,87.63,1134.69,1.20102,1.19899,,16:05:00,13.190000000000035,13.190000000000035,1.0470599999999999,2.0299999999999763,3.235248,13.369395
164,Canyon_Cr_SFP,2025-03-30,14:50,5.9,110.2,7.32,-9999,"TSS, Nuts, DOC, Alk",-9999,58,1.08321,1.20998,88.23,1135.6,1.23161,1.22774,,14:50:00,21.630000000000038,21.630000000000038,1.04737,3.87000000000004,1.616194,14.21077
165,SFP_Canyon_Cr,2025-03-30,15:00,7.3,69.1,7.72,-9999,"TSS, Nuts, DOC, Alk",-9999,8,1.10659,1.23238,88.55,1113.29,1.25168,1.25051,,15:00:00,19.299999999999873,19.299999999999873,1.02474,1.1699999999998933,1.45459,9.616566
166,Camp_Cr,2025-03-30,14:20,6.1,71.4,7.61,-9999,"TSS, Nuts, DOC, Alk",-9999,6,1.10384,1.23126,88.99,1020.61,1.23609,1.23547,,14:20:00,4.82999999999989,4.82999999999989,0.93162,0.6199999999998429,2.405709,12.551691
167,SH_Cr,2025-03-30,14:10,6.0,51.1,7.42,-9999,"TSS, Nuts, DOC, Alk",-9999,4,1.10439,1.23196,88.38,1109.36,1.25098,1.23938,,14:10:00,19.02000000000004,19.02000000000004,1.02098,11.600000000000055,1.670206,7.737998
168,Nutcracker_Cr,2025-03-30,13:15,6.8,82.4,7.43,-9999,"TSS, Nuts, DOC, Alk",-9999,13,1.06423,1.19138,88.35,1054.18,1.20208,1.20025,"New Site, small debris flow occured inbetween 3/19 and 3/30",13:15:00,10.699999999999932,10.699999999999932,0.9658300000000001,1.8299999999999983,4.449968,17.483736
169,SFP_Alder_Cr,2025-04-15,16:05,8.5,59.0,7.69,-9999,"TSS, Nuts, DOC, Alk",-9999,60,1.09413,1.22029,87.63,1121.48,1.24459,1.24034,,16:05:00,24.29999999999999,24.29999999999999,1.03385,4.250000000000087,4.404779,12.809914
170,SFP_DW,2025-04-15,15:30,8.5,69.0,7.63,-9999,"TSS, Nuts, DOC, Alk",-9999,50,1.08749,1.21478,88.52,1140.66,1.23038,1.22771,,15:30:00,15.600000000000058,15.600000000000058,1.05214,2.66999999999995,4.172379,13.113325
171,BJ_Cr,2025-04-15,14:55,7.6,48.3,7.41,-9999,"TSS, Nuts, DOC, Alk",-9999,14,1.07632,1.20369,87.44,1016.08,1.20812,1.20594,,14:55:00,4.430000000000156,4.430000000000156,0.9286400000000001,2.1800000000000708,4.383261,11.617788
172,SFP_BJ,2025-04-15,14:40,9.4,75.9,7.66,-9999,"TSS, Nuts, DOC, Alk",-9999,18,1.1131,1.23828,88.99,1152.88,1.26024,1.25817,,14:40:00,21.95999999999998,21.95999999999998,1.06389,2.0700000000000163,4.159468,13.106869
173,Warm_Sp,2025-04-15,14:25,11.0,86.7,7.68,-9999,"TSS, Nuts, DOC, Alk",-9999,7,1.08255,1.20955,88.5,1102.97,1.27461,1.27259,,14:25:00,65.06000000000012,65.06000000000012,1.01447,2.0199999999999108,3.309056,15.581499
174,SFP_Chap,2025-04-15,14:15,8.5,75.6,7.54,-9999,"TSS, Nuts, DOC, Alk",-9999,19,1.07538,1.20229,88.45,1151.89,1.21678,1.21457,,14:15:00,14.489999999999892,14.489999999999892,1.0634400000000002,2.2100000000000453,3.949663,12.383847
175,Fox_Cr,2025-04-15,12:50,6.5,86.3,7.23,-9999,"TSS, Nuts, DOC, Alk",-9999,12,1.06582,1.19321,88.33,1161.69,1.21205,1.20693,,12:50:00,18.839999999999968,18.839999999999968,1.07336,5.120000000000013,4.089318,15.899973
176,SFP_Wolf_Cr,2025-04-15,13:00,6.9,71.9,7.19,-9999,"TSS, Nuts, DOC, Alk",-9999,58,1.08336,1.20979,88.38,1123.55,1.23004,1.22603,pine needle,13:00:00,20.2500000000001,20.2500000000001,1.0351700000000001,4.010000000000069,3.978067,11.770569
177,Canyon_Cr_SFP,2025-04-15,12:25,5.6,92.6,7.37,-9999,"TSS, Nuts, DOC, Alk",-9999,51,1.06215,1.18917,89.2,1159.66,1.21881,1.21461,,12:25:00,29.639999999999887,29.639999999999887,1.07046,4.1999999999999815,3.102694,13.397369
178,SFP_Canyon_Cr,2025-04-15,12:35,6.5,59.8,7.58,-9999,"TSS, Nuts, DOC, Alk",-9999,1,1.08497,1.21185,88.36,1151.81,1.23882,1.23741,,12:35:00,26.96999999999994,26.96999999999994,1.06345,1.4100000000001334,4.359591,11.286403
179,Camp_Cr,2025-04-15,10:50,5.4,57.8,7.6,-9999,"TSS, Nuts, DOC, Alk",-9999,20,1.0616,1.18801,87.8,1051.64,1.24008,1.23792,,10:50:00,52.070000000000064,52.070000000000064,0.9638400000000001,2.160000000000162,2.97595,10.221236
180,SH_Cr,2025-04-15,10:55,4.6,43.5,7.79,-9999,"TSS, Nuts, DOC, Alk",-9999,6,1.1039,1.23156,87.48,1133.55,1.38447,1.37621,,10:55:00,152.9100000000001,152.9100000000001,1.0460699999999998,8.260000000000156,3.106352,7.94888
181,Nutcracker_Cr,2025-04-15,12:15,9.9,100.5,7.62,-9999,"TSS, Nuts, DOC, Alk",-9999,4,1.1043,1.23019,88.23,1103.09,1.23278,1.23224,,12:15:00,2.5900000000000922,2.5900000000000922,1.0148599999999999,0.5399999999999849,4.751227,18.563967
182,HP,2025-04-15,13:30,5.1,90.8,7.32,-9999,"TSS, Nuts, DOC, Alk",-9999,22,1.11092,1.23741,87.86,1122.84,1.26152,1.25643,,13:30:00,24.110000000000078,24.110000000000078,1.03498,5.090000000000039,2.828548,12.112714
183,Avalanche_Cr,2025-04-15,13:45,5.8,74.8,7.55,-9999,"TSS, Nuts, DOC, Alk",-9999,25,1.09805,1.22438,88.55,1152.61,1.43208,1.3342,,13:45:00,207.7,207.7,1.06406,97.87999999999997,3.288829,13.591036
184,GO_Cr,2025-04-15,14:00,5.4,81.0,7.45,-9999,"TSS, Nuts, DOC, Alk",-9999,13,1.06438,1.19094,88.35,1134.45,1.22039,1.21249,,14:00:00,29.449999999999974,29.449999999999974,1.0461,7.900000000000018,4.325161,15.45454
185,SFP_Wapiti,2025-04-15,09:55,4.7,73.2,7.62,-9999,"TSS, Nuts, DOC, Alk",-9999,8,1.10662,1.23314,88.44,1022.68,1.23553,1.23472,,09:55:00,2.3900000000001143,2.3900000000001143,0.93424,0.8099999999999774,4.589839,12.106258
186,Wapiti_Cr,2025-04-15,10:20,3.1,62.3,7.7,-9999,"TSS, Nuts, DOC, Alk",-9999,9,1.06343,1.18968,88.7,1145.44,1.19419,1.19271,,10:20:00,4.510000000000014,4.510000000000014,1.05674,1.4800000000001479,4.057255,10.74844
187,SFP_Alder_Cr,2025-04-28,09:00,6.9,52.9,7.96,-9999,"TSS, Nuts, DOC, Alk",-9999,46,1.10124,1.23313,89.61,1124.44,1.30538,1.29695,,09:00:00,72.24999999999993,72.24999999999993,1.0348300000000001,8.429999999999938,2.692981,9.999596
188,SFP_DW,2025-04-28,09:30,6.0,58.9,7.93,-9999,"TSS, Nuts, DOC, Alk",-9999,17,1.09152,1.22256,87.87,1124.32,1.28359,1.27662,,09:30:00,61.029999999999916,61.029999999999916,1.0364499999999999,6.969999999999921,3.45237,11.122862
189,BJ_Cr,2025-04-28,10:05,5.5,44.7,7.9,-9999,"TSS, Nuts, DOC, Alk",-9999,60,1.09423,1.22711,88.34,1112.23,1.23377,1.23103,,10:05:00,6.66000000000011,6.66000000000011,1.02389,2.7399999999999647,4.058116,10.627935
190,SFP_BJ,2025-04-28,10:20,5.7,63.9,7.83,-9999,"TSS, Nuts, DOC, Alk",-9999,55,1.09453,1.22665,88.72,1142.14,1.27748,1.27417,,10:20:00,50.82999999999993,50.82999999999993,1.05342,3.309999999999924,2.092829,10.001747
191,Warm_Sp,2025-04-28,10:30,6.2,71.6,7.81,-9999,"TSS, Nuts, DOC, Alk",-9999,6,1.0419,1.23573,88.23,1131.04,1.37904,1.37575,,10:30:00,143.31000000000006,143.31000000000006,1.04281,3.290000000000015,1.807279,11.53817
192,SFP_Chap,2025-04-28,10:40,6.2,61.5,7.83,-9999,"TSS, Nuts, DOC, Alk",-9999,58,1.08333,1.21148,87.83,1138.43,1.25432,1.25067,,10:40:00,42.84000000000021,42.84000000000021,1.0506000000000002,3.650000000000153,3.891347,10.817299
193,Fox_Cr,2025-04-28,13:40,8.4,74.2,7.79,-9999,"TSS, Nuts, DOC, Alk",-9999,20,1.06186,1.19313,88.56,1142.09,1.20863,1.20434,,13:40:00,15.50000000000007,15.50000000000007,1.05353,4.290000000000127,4.009914,15.189863
194,SFP_Wolf_Cr,2025-04-28,13:50,8.2,57.5,7.87,-9999,"TSS, Nuts, DOC, Alk",-9999,9,1.06344,1.19517,87.47,1136.03,1.24947,1.24621,,13:50:00,54.30000000000001,54.30000000000001,1.04856,3.2600000000000406,2.711487,9.848966
195,Canyon_Cr_SFP,2025-04-28,13:20,7.7,70.9,7.81,-9999,"TSS, Nuts, DOC, Alk",-9999,12,1.06605,1.19278,88.36,1114.68,1.23775,1.2333,,13:20:00,44.969999999999956,44.969999999999956,1.0263200000000001,4.449999999999843,3.85326,13.85141
196,SFP_Canyon_Cr,2025-04-28,13:30,7.7,45.2,7.91,-9999,"TSS, Nuts, DOC, Alk",-9999,3,1.10635,1.23833,88.44,1133.73,1.25607,1.25442,,13:30:00,17.740000000000087,17.740000000000087,1.04529,1.6499999999999293,3.13368,8.824684
197,Camp_Cr,2025-04-28,13:00,8.2,51.2,7.89,-9999,"TSS, Nuts, DOC, Alk",-9999,50,1.08759,1.21932,88.53,1121.14,1.23404,1.23288,,13:00:00,14.720000000000066,14.720000000000066,1.03261,1.1600000000000499,3.791502,12.45701
198,SH_Cr,2025-04-28,12:50,8.5,40.5,7.85,-9999,"TSS, Nuts, DOC, Alk",-9999,51,1.06224,1.19431,87.45,1142.47,1.57037,1.55268,,12:50:00,376.06000000000006,376.06000000000006,1.05502,17.689999999999984,4.009269,9.543402
199,Nutcracker_Cr,2025-04-28,13:10,13.0,103.8,7.88,-9999,"TSS, Nuts, DOC, Alk",-9999,7,1.08265,1.21078,89.0,1093.28,1.21468,1.21361,,13:10:00,3.9000000000000146,3.9000000000000146,1.00428,1.0699999999999044,3.87736,19.353695
200,HP,2025-04-28,11:00,4.7,73.7,7.8,-9999,"TSS, Nuts, DOC, Alk",-9999,13,1.06437,1.19664,88.51,1147.04,1.22149,1.21752,,11:00:00,24.850000000000037,24.850000000000037,1.05853,3.970000000000029,2.346102,10.69034
201,Avalanche_Cr,2025-04-28,11:25,5.7,64.2,7.77,-9999,"TSS, Nuts, DOC, Alk",-9999,8,1.10662,1.23833,88.46,1143.78,1.76401,1.74821,relatively large sandy grains ,11:25:00,525.6800000000002,525.6800000000002,1.05532,15.800000000000036,3.765464,14.045076
202,GO_Cr,2025-04-28,11:35,5.9,68.3,7.78,-9999,"TSS, Nuts, DOC, Alk",-9999,15,1.08501,1.21681,88.48,1084.39,1.25479,1.24834,,11:35:00,37.980000000000125,37.980000000000125,0.9959100000000001,6.450000000000067,3.428484,13.210158
203,SFP_Wapiti,2025-04-28,12:40,7.2,54.9,7.89,-9999,"TSS, Nuts, DOC, Alk",-9999,19,1.07563,1.20614,88.39,1150.8,1.21133,1.21038,,12:40:00,5.190000000000028,5.190000000000028,1.0624099999999999,0.9500000000000064,2.998759,8.917213
204,Wapiti_Cr,2025-04-28,12:20,5.4,58.8,7.84,-9999,"TSS, Nuts, DOC, Alk",-9999,11,1.08554,1.21706,87.63,1101.13,1.22485,1.22263,,12:20:00,7.789999999999964,7.789999999999964,1.0135,2.2199999999998887,3.174996,10.729073
205,SFP_Alder_Cr,2025-05-10,15:45,10.4,41.7,7.21,-9999,"TSS, Nuts, DOC, Alk",-9999,6,1.10429,1.23715,88.54,1150.84,1.33699,1.32745,,15:45:00,99.83999999999993,99.83999999999993,1.0623,9.539999999999882,4.396172,10.210477
206,SFP_DW,2025-05-10,15:15,9.7,44.8,7.32,-9999,"TSS, Nuts, DOC, Alk",-9999,22,1.11105,1.24201,87.45,1140.98,1.33674,1.32903,,15:15:00,94.72999999999998,94.72999999999998,1.05353,7.710000000000106,4.505917,11.67804
207,BJ_Cr,2025-05-10,14:40,10.9,42.8,7.04,-9999,"TSS, Nuts, DOC, Alk",-9999,60,1.09419,1.22554,88.38,1141.69,1.24912,1.24645,,14:40:00,23.579999999999934,23.579999999999934,1.05331,2.66999999999995,2.934204,9.323914
208,SFP_BJ,2025-05-10,14:30,10.4,45.6,7.18,-9999,"TSS, Nuts, DOC, Alk",-9999,7,1.08271,1.21348,87.65,1157.67,1.35082,1.34374,,14:30:00,137.34000000000003,137.34000000000003,1.07002,7.079999999999975,2.940013,8.841898
209,Warm_Sp,2025-05-10,14:20,9.5,52.8,7.13,-9999,"TSS, Nuts, DOC, Alk",-9999,15,1.08478,1.21667,88.4,1162.06,1.5777,1.56572,,14:20:00,361.0300000000002,361.0300000000002,1.0736599999999998,11.980000000000102,3.57481,10.866792
210,SFP_Chap,2025-05-10,14:10,10.9,44.8,7.33,-9999,"TSS, Nuts, DOC, Alk",-9999,58,1.10631,1.23682,88.44,1149.29,1.27844,1.25749,tss sample had small twig ,14:10:00,41.61999999999999,41.61999999999999,1.0608499999999998,20.950000000000024,2.825105,8.76228
211,Fox_Cr,2025-05-10,12:50,11.2,85.3,7.11,-9999,"TSS, Nuts, DOC, Alk",-9999,50,1.08761,1.21878,88.57,1150.82,1.23162,1.22601,,12:50:00,12.839999999999963,12.839999999999963,1.06225,5.609999999999893,3.814957,16.420721
212,SFP_Wolf_Cr,2025-05-10,13:00,8.4,42.7,7.24,-9999,"TSS, Nuts, DOC, Alk",-9999,20,1.06182,1.19346,88.49,1148.18,1.25481,1.24748,,13:00:00,61.350000000000016,61.350000000000016,1.05969,7.330000000000059,3.179515,8.863417
213,Canyon_Cr_SFP,2025-05-10,12:30,7.8,59.4,6.92,-9999,"TSS, Nuts, DOC, Alk",-9999,3,1.08322,1.21485,87.88,1139.71,1.34684,1.32987,,12:30:00,131.99000000000007,131.99000000000007,1.0518299999999998,16.969999999999928,2.88385,10.496674
214,SFP_Canyon_Cr,2025-05-10,12:35,7.8,35.9,7.12,-9999,"TSS, Nuts, DOC, Alk",-9999,13,1.06432,1.19784,88.5,1137.44,1.25111,1.24572,,12:35:00,53.269999999999925,53.269999999999925,1.04894,5.390000000000006,3.172198,7.210794
215,Camp_Cr,2025-05-10,12:20,11.3,52.3,7.12,-9999,"TSS, Nuts, DOC, Alk",-9999,17,1.09147,1.22239,88.35,1136.59,1.31439,1.30763,,12:20:00,91.99999999999986,91.99999999999986,1.04824,6.759999999999877,1.973186,9.980228
216,SH_Cr,2025-05-10,12:15,11.2,35.5,7.29,-9999,"TSS, Nuts, DOC, Alk",-9999,9,1.06334,1.19487,88.72,1162.66,2.18516,2.16329,tss had gravel sized rock ,12:15:00,990.2900000000001,990.2900000000001,1.0739400000000001,21.870000000000278,3.130668,8.560005
217,HP,2025-05-10,13:30,7.2,55.4,7.03,-9999,"TSS, Nuts, DOC, Alk",-9999,25,1.09812,1.22966,87.49,1147.26,1.29725,1.28673,,13:30:00,67.59000000000003,67.59000000000003,1.0597699999999999,10.520000000000085,3.533925,9.771499
218,Avalanche_Cr,2025-05-10,13:45,7.8,51.6,7.06,-9999,"TSS, Nuts, DOC, Alk",-9999,55,1.09147,1.22702,89.0,1130.46,1.60014,1.56489,,13:45:00,373.1199999999999,373.1199999999999,1.04146,35.25,2.446164,9.69188
219,GO_Cr,2025-05-10,13:55,8.8,45.6,7.17,-9999,"TSS, Nuts, DOC, Alk",-9999,"19,46",2.17692,2.44051,88.39,1140.98,2.77911,2.70147,"Two filters used due to high volume of sediment, see equations for individual tin and filter weights ",13:55:00,338.6,338.6,1.05259,77.64000000000016,3.315942,10.66667
220,SFP_Wapiti,2025-05-10,11:50,8.0,34.9,7.07,-9999,"TSS, Nuts, DOC, Alk",-9999,12,1.06595,1.19851,88.46,1148.39,1.23501,1.23088,,11:50:00,36.49999999999998,36.49999999999998,1.05993,4.129999999999967,5.192357,10.102884
221,Wapiti_Cr,2025-05-10,10:05,5.7,56.8,7.13,-9999,"TSS, Nuts, DOC, Alk",-9999,8,1.10724,1.24071,89.64,1149.96,1.26535,1.25607,,10:05:00,24.639999999999993,24.639999999999993,1.06032,9.279999999999955,3.19135,12.069677
222,Flat_Cr,2025-05-10,11:30,7.9,36.8,7.26,-9999,"TSS, Nuts, DOC, Alk",-9999,14,1.07632,1.20734,87.83,1145.42,1.46248,1.39162,"New Site, evidence of disturbance near creek and potentially new culvert added?, tin and filter dropped while pulling out of oven sediment lost ",11:30:00,255.13999999999993,255.13999999999993,1.0575900000000003,70.85999999999993,3.431282,7.742302
223,Bear_Cr,2025-05-10,12:00,8.8,49.9,7.15,-9999,"TSS, Nuts, DOC, Alk",-9999,"11,51",2.14767,2.41332,88.24,1150.55,3.30473,3.27641,"Very murky dark flows, very likely debris flow higher up in catchment, needed to use two filters for tss sample, tin 51 had twig  ",12:00:00,891.4100000000001,891.4100000000001,1.0623099999999999,28.320000000000345,2.554832,9.375558
224,SFP_Alder_Cr,2025-05-27,18:05,11.8,18.6,7.52,-9999,"TSS, Nuts, DOC, Alk",-9999,8,1.10701,1.23464,44.6,657.59,1.25933,1.25753,tss sample collected in gatorade bottle becuase of lost 1L bottle cap,18:05:00,24.6900000000001,24.6900000000001,0.61299,1.8000000000000238,3.677884,10.541862
225,SFP_DW,2025-05-27,17:30,11.8,24.8,7.5,-9999,"TSS, Nuts, DOC, Alk",-9999,12,1.06626,1.19711,88.74,1125.86,1.24288,1.23997,,17:30:00,45.77000000000009,45.77000000000009,1.0371199999999998,2.909999999999968,4.140747,11.026028
226,BJ_Cr,2025-05-27,15:45,10.7,33.3,7.28,-9999,"TSS, Nuts, DOC, Alk",-9999,17,1.09184,1.22445,88.24,1125.74,1.22968,1.22819,,15:45:00,5.230000000000068,5.230000000000068,1.0375,1.4900000000002134,2.575275,8.820379
227,SFP_BJ,2025-05-27,16:00,11.5,31.3,7.39,-9999,"TSS, Nuts, DOC, Alk",-9999,1,1.08499,1.21597,87.89,1111.25,1.31336,1.3105,,16:00:00,97.39000000000009,97.39000000000009,1.02336,2.8600000000000847,3.542963,9.833902
228,Warm_Sp,2025-05-27,15:30,12.0,40.6,7.25,-9999,"TSS, Nuts, DOC, Alk",-9999,55,1.09473,1.22604,88.36,1112.69,1.31552,1.31479,,15:30:00,89.48,89.48,1.0243300000000002,0.7300000000001194,3.305614,11.157291
229,SFP_Chap,2025-05-27,15:10,10.9,23.7,7.37,-9999,"TSS, Nuts, DOC, Alk",-9999,11,1.08587,1.21625,88.43,1114.39,1.25804,1.25597,,15:10:00,41.78999999999999,41.78999999999999,1.02596,2.0700000000000163,2.995316,8.019892
230,Fox_Cr,2025-05-27,14:40,13.3,109.8,7.24,-9999,"TSS, Nuts, DOC, Alk",-9999,3,1.10658,1.23748,88.74,1116.93,1.24144,1.24035,,14:40:00,3.9600000000001856,3.9600000000001856,1.0281900000000002,1.0900000000000354,3.456028,23.827396
231,SFP_Wolf_Cr,2025-05-27,14:55,10.6,30.1,7.44,-9999,"TSS, Nuts, DOC, Alk",-9999,9,1.06438,1.19591,88.47,1134.29,1.23299,1.23082,,14:55:00,37.08,37.08,1.04582,2.1700000000000053,2.689968,7.92521
232,Canyon_Cr_SFP,2025-05-27,14:10,10.1,48.9,7.04,-9999,"TSS, Nuts, DOC, Alk",-9999,32,1.07899,1.21092,87.47,1118.96,1.31931,1.31456,,14:10:00,108.38999999999999,108.38999999999999,1.03149,4.750000000000032,2.68588,11.032484
233,SFP_Canyon_Cr,2025-05-27,14:20,10.0,24.4,7.25,-9999,"TSS, Nuts, DOC, Alk",-9999,18,1.11147,1.24295,87.84,1123.47,1.26972,1.26789,,14:20:00,26.76999999999996,26.76999999999996,1.03563,1.8299999999999983,3.904474,8.077991
234,Camp_Cr,2025-05-27,13:50,12.8,46.4,7.2,-9999,"TSS, Nuts, DOC, Alk",-9999,14,1.07629,1.20979,88.55,1101.16,1.21441,1.21391,,13:50:00,4.6200000000000685,4.6200000000000685,1.0126100000000002,0.49999999999994493,1.997072,10.625784
235,SH_Cr,2025-05-27,11:20,10.0,37.9,7.38,-9999,"TSS, Nuts, DOC, Alk",-9999,6,1.10418,1.23593,88.67,1115.32,1.23861,1.2383,,11:20:00,2.6800000000000157,2.6800000000000157,1.0266499999999998,0.31000000000003247,2.067653,8.237228
236,HP,2025-05-27,10:00,5.7,47.2,7.33,-9999,"TSS, Nuts, DOC, Alk",-9999,46,1.10127,1.23357,87.49,1092.76,1.24801,1.24594,,10:00:00,14.440000000000008,14.440000000000008,1.0052699999999999,2.0700000000000163,2.461872,9.024806
237,Avalanche_Cr,2025-05-27,10:20,6.3,53.1,7.26,-9999,"TSS, Nuts, DOC, Alk",-9999,4,1.10445,1.23638,89.01,1075.05,1.26565,1.26253,,10:20:00,29.269999999999907,29.269999999999907,0.9860399999999999,3.1200000000000117,2.447885,10.59781
238,GO_Cr,2025-05-27,10:40,9.0,47.6,7.4,-9999,"TSS, Nuts, DOC, Alk",-9999,25,1.09838,1.23027,87.65,1114.95,1.24574,1.24239,,10:40:00,15.470000000000095,15.470000000000095,1.0272999999999999,3.349999999999964,2.753233,10.363258
239,SFP_Wapiti,2025-05-27,13:20,9.3,11.2,7.59,-9999,"TSS, Nuts, DOC, Alk",-9999,35,1.10181,1.23364,88.38,1089.84,1.24797,1.2468,,13:20:00,14.329999999999954,14.329999999999954,1.00146,1.1700000000001154,3.235678,6.733083
240,Wapiti_Cr,2025-05-27,12:50,7.8,49.5,7.37,-9999,"TSS, Nuts, DOC, Alk",-9999,15,1.08535,1.21751,88.51,1131.93,1.23264,1.22865,,12:50:00,15.129999999999866,15.129999999999866,1.04342,3.989999999999938,2.004173,11.314377
241,Flat_Cr,2025-05-27,11:55,10.8,37.6,7.35,-9999,"TSS, Nuts, DOC, Alk",-9999,50,1.08773,1.21961,88.4,1079.38,1.27446,1.26386,,11:55:00,54.849999999999845,54.849999999999845,0.9909800000000001,10.599999999999943,3.636998,9.567073
242,Bear_Cr,2025-05-27,13:30,11.4,40.8,7.19,-9999,"TSS, Nuts, DOC, Alk",-9999,22,1.11116,1.24172,88.45,1074.04,1.36588,1.36237,"Lid lost during sampling, lid from bottle 19 used on bottle 3",13:30:00,124.16000000000005,124.16000000000005,0.98559,3.509999999999902,2.430885,9.231384
243,SFP_Alder_Cr,2025-06-08,13:55,14.3,14.7,7.73,-9999,"TSS, Nuts, DOC, Alk",-9999,25,1.09836,1.22576,88.39,1127.21,1.25754,1.25497,,13:55:00,31.780000000000143,31.780000000000143,1.0388199999999999,2.5700000000001832,1.118471,7.714328
244,SFP_DW,2025-06-08,13:20,12.7,29.4,7.51,-9999,"TSS, Nuts, DOC, Alk",-9999,3,1.10665,1.23319,89.0,1145.5,1.25015,1.24864,,13:20:00,16.960000000000086,16.960000000000086,1.0565,1.5100000000001224,1.051979,1.597258
245,BJ_Cr,2025-06-08,12:45,10.4,26.8,7.66,-9999,"TSS, Nuts, DOC, Alk",-9999,22,1.11138,1.23955,88.54,1122.57,1.24461,1.24183,,12:45:00,5.0600000000000644,5.0600000000000644,1.03403,2.7800000000000047,0.622899,6.629794
246,SFP_BJ,2025-06-08,12:35,11.4,25.3,7.62,-9999,"TSS, Nuts, DOC, Alk",-9999,1,1.08511,1.21321,88.19,1124.24,1.22617,1.22471,,12:35:00,12.960000000000083,12.960000000000083,1.03605,1.4600000000000168,1.050903,6.244613
247,Warm_Sp,2025-06-08,12:20,11.7,7.8,7.62,-9999,"TSS, Nuts, DOC, Alk",-9999,46,1.10142,1.22823,87.69,1140.38,1.2356,1.23275,,12:20:00,7.370000000000099,7.370000000000099,1.0526900000000001,2.850000000000019,1.008726,9.06354
248,SFP_Chap,2025-06-08,12:10,10.4,11.1,7.72,-9999,"TSS, Nuts, DOC, Alk",-9999,11,1.08587,1.21298,88.36,1140.05,1.22463,1.22338,,12:10:00,11.65000000000016,11.65000000000016,1.05169,1.2500000000001954,1.105344,5.403239
249,Fox_Cr,2025-06-08,10:55,11.2,81.9,7.45,-9999,"TSS, Nuts, DOC, Alk",-9999,4,1.10467,1.23251,88.5,1156.6,1.23621,1.23426,,10:55:00,3.7000000000000366,3.7000000000000366,1.0680999999999998,1.9500000000001183,1.037992,22.93438
250,SFP_Wolf_Cr,2025-06-08,11:05,9.4,17.1,7.52,-9999,"TSS, Nuts, DOC, Alk",-9999,18,1.11139,1.23829,88.33,1058.05,1.24964,1.24793,,11:05:00,11.350000000000193,11.350000000000193,0.9697199999999999,1.7100000000001003,1.017118,5.704498
251,Canyon_Cr_SFP,2025-06-08,10:40,9.0,31.8,7.43,-9999,"TSS, Nuts, DOC, Alk",-9999,6,1.10423,1.23137,88.72,1148.24,1.23923,1.23747,,10:40:00,7.859999999999978,7.859999999999978,1.05952,1.7599999999999838,0.660987,9.539099
252,SFP_Canyon_Cr,2025-06-08,10:50,8.8,9.1,7.56,-9999,"TSS, Nuts, DOC, Alk",-9999,9,1.06406,1.19121,88.21,1146.64,1.20562,1.20363,,10:50:00,14.409999999999812,14.409999999999812,1.05843,1.9899999999999363,1.522588,4.721102
253,Camp_Cr,2025-06-08,09:55,9.6,22.8,7.53,-9999,"TSS, Nuts, DOC, Alk",-9999,15,1.08532,1.21226,88.41,1136.4,1.21471,1.21369,,09:55:00,2.4500000000000632,2.4500000000000632,1.04799,1.020000000000021,0.626773,9.042021
254,SH_Cr,2025-06-08,09:50,10.2,12.3,7.72,-9999,"TSS, Nuts, DOC, Alk",-9999,7,1.08291,1.21023,89.59,1058.81,1.21349,1.21217,,09:50:00,3.2600000000000406,3.2600000000000406,0.9692199999999999,1.3199999999999878,0.678632,7.131176
255,HP,2025-06-08,11:30,9.6,36.8,7.64,-9999,"TSS, Nuts, DOC, Alk",-9999,14,1.07668,1.20401,87.45,1058.47,1.20674,1.20547,,11:30:00,2.729999999999899,2.729999999999899,0.97102,1.2699999999998823,0.99022,1.48321
256,Avalanche_Cr,2025-06-08,11:40,10.4,47.8,7.4,-9999,"TSS, Nuts, DOC, Alk",-9999,8,1.10694,1.23303,88.5,1164.14,1.23886,1.23728,,11:40:00,5.830000000000002,5.830000000000002,1.0756400000000002,1.5800000000001369,0.619241,11.430576
257,GO_Cr,2025-06-08,11:55,12.4,48.2,7.56,-9999,"TSS, Nuts, DOC, Alk",-9999,17,1.09193,1.21785,87.59,1145.26,1.22247,1.22084,,11:55:00,4.6199999999998465,4.6199999999998465,1.05767,1.6300000000000203,0.932335,12.254736
258,SFP_Wapiti,2025-06-08,09:30,8.7,7.6,7.56,-9999,"TSS, Nuts, DOC, Alk",-9999,35,1.10216,1.22946,87.89,1123.58,1.23689,1.21576,,09:30:00,7.430000000000048,7.430000000000048,1.0356899999999998,21.130000000000095,1.082965,4.45212
259,Wapiti_Cr,2025-06-08,08:50,6.4,10.8,7.35,-9999,"TSS, Nuts, DOC, Alk",-9999,50,1.08794,1.21544,88.59,1149.98,1.22131,1.21936,,08:50:00,5.86999999999982,5.86999999999982,1.06139,1.9499999999998963,0.366614,10.253513
260,Flat_Cr,2025-06-08,09:00,9.8,82.7,7.54,-9999,"TSS, Nuts, DOC, Alk",-9999,55,1.09477,1.22109,88.44,1155.38,1.22435,1.22288,,09:00:00,3.2600000000000406,3.2600000000000406,1.06694,1.4700000000000824,1.317732,7.690658
261,Bear_Cr,2025-06-08,09:40,9.5,8.2,7.31,-9999,"TSS, Nuts, DOC, Alk",-9999,32,1.07951,1.20683,87.84,1134.04,1.22348,1.22207,,09:40:00,16.64999999999983,16.64999999999983,1.0462,1.4099999999999113,0.498522,7.946728
262,SFP_Alder_Cr,2025-06-22,14:40,14.9,57.8,7.55,-9999,"TSS, Nuts, DOC, Alk",-9999,31,1.09428,1.22096,88.4,1146.14,1.23168,1.22989,Rained/snowed late 6/21 through 13:30 on 6/22,14:40:00,10.720000000000063,10.720000000000063,1.05774,1.7900000000001803,1.050257,8.523424
263,SFP_DW,2025-06-22,13:40,12.2,58.4,7.2,-9999,"TSS, Nuts, DOC, Alk",-9999,9,1.06421,1.19139,88.55,1152.43,1.19579,1.19472,Rained/snowed late 6/21 through 13:30 on 6/22,13:40:00,4.3999999999999595,4.3999999999999595,1.0638800000000002,1.0699999999999044,0.740821,8.413679
264,BJ_Cr,2025-06-22,13:10,8.1,47.5,7.3,-9999,"TSS, Nuts, DOC, Alk",-9999,6,1.10433,1.23068,88.2,1116.12,1.23323,1.23172,Rained/snowed late 6/21 through 13:30 on 6/22,13:10:00,2.5500000000000522,2.5500000000000522,1.02792,1.5100000000001224,0.650012,6.82131
265,SFP_BJ,2025-06-22,12:55,9.0,54.1,7.13,-9999,"TSS, Nuts, DOC, Alk",-9999,8,1.10703,1.23373,87.64,1135.51,1.23691,1.23604,Rained/snowed late 6/21 through 13:30 on 6/22,12:55:00,3.1799999999999606,3.1799999999999606,1.0478699999999999,0.8699999999999264,0.809034,6.954724
266,Warm_Sp,2025-06-22,12:40,10.4,80.1,7.35,-9999,"TSS, Nuts, DOC, Alk",-9999,17,1.09208,1.21857,88.38,1142.61,1.21999,1.21943,Rained/snowed late 6/21 through 13:30 on 6/22,12:40:00,1.4199999999999768,1.4199999999999768,1.05423,0.5599999999998939,0.646626,6.319683
267,SFP_Chap,2025-06-22,12:30,9.0,47.3,7.3,-9999,"TSS, Nuts, DOC, Alk",-9999,4,1.10765,1.23207,87.47,1113.61,1.23682,1.23547,Rained/snowed late 6/21 through 13:30 on 6/22,12:30:00,4.750000000000032,4.750000000000032,1.0261399999999998,1.3499999999999623,0.573112,4.31121
268,Fox_Cr,2025-06-22,10:25,8.7,152.0,7.23,-9999,"TSS, Nuts, DOC, Alk",-9999,3,1.10667,1.23361,88.45,1131.32,1.23537,1.23426,Rained/snowed late 6/21 through 13:30 on 6/22,10:25:00,1.7599999999999838,1.7599999999999838,1.04287,1.1100000000001664,1.041105,19.969494
269,SFP_Wolf_Cr,2025-06-22,10:35,7.4,44.8,7.46,-9999,"TSS, Nuts, DOC, Alk",-9999,14,1.07664,1.26318,88.58,1142.44,1.20704,1.206011,Rained/snowed late 6/21 through 13:30 on 6/22,10:35:00,-56.14000000000008,-56.14000000000008,1.05386,1.0289999999999466,0.68192,3.691119
270,Canyon_Cr_SFP,2025-06-22,10:05,6.2,77.6,7.29,-9999,"TSS, Nuts, DOC, Alk",-9999,18,1.11164,1.23889,88.37,1148.08,1.24415,1.24346,Rained/snowed late 6/21 through 13:30 on 6/22,10:05:00,5.260000000000042,5.260000000000042,1.05971,0.6900000000000794,0.492383,5.838039
271,SFP_Canyon_Cr,2025-06-22,10:10,6.9,36.4,7.48,-9999,"TSS, Nuts, DOC, Alk",-9999,7,1.08294,1.21068,87.87,1141.47,1.21315,1.21239,Rained/snowed late 6/21 through 13:30 on 6/22,10:10:00,2.469999999999972,2.469999999999972,1.0535999999999999,0.7599999999998719,0.539377,2.620389
272,Camp_Cr,2025-06-22,09:50,6.1,57.8,7.37,-9999,"TSS, Nuts, DOC, Alk",-9999,25,1.09857,1.22493,88.52,1138.34,1.23775,1.23542,Rained/snowed late 6/21 through 13:30 on 6/22,09:50:00,12.819999999999832,12.819999999999832,1.04982,2.3299999999999432,0.33658,7.107471
273,SH_Cr,2025-06-22,09:40,5.9,49.1,7.55,-9999,"TSS, Nuts, DOC, Alk",-9999,11,1.08601,1.21373,88.24,1151.27,1.26332,1.25945,Rained/snowed late 6/21 through 13:30 on 6/22,09:40:00,49.590000000000025,49.590000000000025,1.06303,3.87000000000004,0.538987,2.698388
274,HP,2025-06-22,11:30,6.1,70.6,7.26,-9999,"TSS, Nuts, DOC, Alk",-9999,13,1.06451,1.19078,88.51,1152.22,1.19254,1.19183,Rained/snowed late 6/21 through 13:30 on 6/22,11:30:00,1.7599999999999838,1.7599999999999838,1.06371,0.7099999999999884,1.718331,5.78734
275,Avalanche_Cr,2025-06-22,11:45,7.2,92.0,7.12,-9999,"TSS, Nuts, DOC, Alk",-9999,19,1.0757,1.20167,89.01,1147.82,1.20332,1.20274,Rained/snowed late 6/21 through 13:30 on 6/22,11:45:00,1.6499999999999293,1.6499999999999293,1.05881,0.5800000000000249,0.485753,5.697641
276,GO_Cr,2025-06-22,11:15,7.7,99.1,7.31,-9999,"TSS, Nuts, DOC, Alk",-9999,1,1.08511,1.21104,87.51,1104.42,1.21275,1.21167,Rained/snowed late 6/21 through 13:30 on 6/22,11:15:00,1.7100000000001003,1.7100000000001003,1.01691,1.0799999999999699,0.809644,10.102631
277,SFP_Wapiti,2025-06-22,09:20,6.8,36.2,7.51,-9999,"TSS, Nuts, DOC, Alk",-9999,10,1.08256,1.20896,88.73,1155.35,1.21142,1.21049,Rained/snowed late 6/21 through 13:30 on 6/22,09:20:00,2.4599999999999067,2.4599999999999067,1.06662,0.9299999999998754,0.648771,2.013167
278,Wapiti_Cr,2025-06-22,08:50,5.1,73.7,7.43,-9999,"TSS, Nuts, DOC, Alk",-9999,15,1.08527,1.2123,87.95,1153.59,1.21647,1.21513,Rained/snowed late 6/21 through 13:30 on 6/22,08:50:00,4.170000000000007,4.170000000000007,1.06564,1.3399999999998968,0.33385,8.593351
279,Flat_Cr,2025-06-22,08:35,5.6,53.2,7.45,-9999,"TSS, Nuts, DOC, Alk",-9999,22,1.11141,1.23853,89.61,1126.14,1.233997,1.23914,Rained/snowed late 6/21 through 13:30 on 6/22,08:35:00,-4.532999999999898,-4.532999999999898,1.0365300000000002,-5.142999999999898,1.004056,2.821626
280,Bear_Cr,2025-06-22,09:25,5.9,66.2,7.36,-9999,"TSS, Nuts, DOC, Alk",-9999,12,1.06623,1.19338,88.46,1128.62,1.19844,1.19726,Rained/snowed late 6/21 through 13:30 on 6/22,09:25:00,5.059999999999842,5.059999999999842,1.0401599999999998,1.1799999999999589,0.408144,3.391408
281,SFP_Alder_Cr,2025-07-07,16:15,17.6,110.8,7.93,54.03,"TSS, Nuts, DOC, Alk",-9999,13,1.06448,1.19237,87.89,1156.1,1.21994,1.21607,Large rainstorm 7/4,16:15:00,27.570000000000093,27.570000000000093,1.0682099999999999,3.87000000000004,1.123394,6.364532
282,SFP_DW,2025-07-07,15:45,17.5,117.7,7.5,52.63,"TSS, Nuts, DOC, Alk",-9999,19,1.07578,1.20219,88.38,1155.1,1.21849,1.21532,Large rainstorm 7/4,15:45:00,16.299999999999983,16.299999999999983,1.06672,3.170000000000117,0.535672,2.122561
283,BJ_Cr,2025-07-07,14:50,11.4,78.9,6.94,35.38,"TSS, Nuts, DOC, Alk",-9999,7,1.08282,1.20964,88.57,1152.0,1.21334,1.21156,Large rainstorm 7/4,14:50:00,3.7000000000000366,3.7000000000000366,1.06343,1.7800000000001148,0.966421,2.817531
284,SFP_BJ,2025-07-07,14:30,16.0,106.7,7.75,49.15,"TSS, Nuts, DOC, Alk",-9999,46,1.10144,1.22874,88.4,1159.7,1.25283,1.24925,Large rainstorm 7/4,14:30:00,24.090000000000167,24.090000000000167,1.0713,3.5800000000001386,0.550102,4.291711
285,Warm_Sp,2025-07-07,14:15,16.9,153.6,7.35,70.49,"TSS, Nuts, DOC, Alk",-9999,11,1.08594,1.21253,87.65,1155.7,1.21803,1.21697,Large rainstorm 7/4,14:15:00,5.499999999999838,5.499999999999838,1.06805,1.0599999999998388,0.508958,5.695691
286,SFP_Chap,2025-07-07,13:10,14.8,94.3,7.55,43.29,"TSS, Nuts, DOC, Alk",-9999,50,1.08788,1.21594,87.5,1151.8,1.24049,1.23768,Large rainstorm 7/4,13:10:00,24.55000000000007,24.55000000000007,1.0643,2.8100000000002012,0.832068,1.814465
287,Chapman_Cr,2025-07-07,13:30,14.8,156.2,6.86,64.74,"TSS, Nuts, DOC, Alk",-9999,"18,22,3,14,12",5.47251,6.10803,88.21,1063.1,9.13658,8.99315,"Large rainstorm 7/4, Debris flow occurred and dumped into SFP, 5 GFF filters used for TSS sample very high quantity of fine grained sediment transport",13:30:00,3028.55,3028.55,0.9748899999999999,143.4300000000004,0.726965,7.495517
288,Fox_Cr,2025-07-07,12:35,15.3,199.0,7.46,152.6,"TSS, Nuts, DOC, Alk",-9999,4,1.10483,1.23205,88.44,1128.8,1.27762,1.26813,Large rainstorm 7/4,12:35:00,45.56999999999989,45.56999999999989,1.04036,9.489999999999998,2.862575,27.523689
289,SFP_Wolf_Cr,2025-07-07,12:45,14.2,96.1,7.53,43.27,"TSS, Nuts, DOC, Alk",-9999,17,1.09196,1.21837,88.58,1136.7,1.23367,1.23129,Large rainstorm 7/4,12:45:00,15.300000000000091,15.300000000000091,1.0481200000000002,2.3800000000000487,0.7256,4.629056
290,Canyon_Cr_SFP,2025-07-07,12:15,12.0,149.3,7.42,66.99,"TSS, Nuts, DOC, Alk",-9999,35,1.10221,1.22772,89.01,1109.7,1.25826,1.25398,Large rainstorm 7/4,12:15:00,30.540000000000013,30.540000000000013,1.02069,4.2799999999998395,0.536062,8.6811
291,SFP_Canyon_Cr,2025-07-07,12:20,13.6,78.3,7.58,35.87,"TSS, Nuts, DOC, Alk",-9999,59,1.09239,1.21851,87.45,1129.9,1.22646,1.22531,Large rainstorm 7/4,12:20:00,7.950000000000124,7.950000000000124,1.04245,1.1500000000002064,1.860289,4.441858
292,Camp_Cr,2025-07-07,12:00,13.3,107.6,7.74,46.44,"TSS, Nuts, DOC, Alk",-9999,9,1.06408,1.19144,88.36,1116.8,1.36117,1.35628,Large rainstorm 7/4,12:00:00,169.72999999999993,169.72999999999993,1.02844,4.890000000000061,2.755717,3.983615
293,SH_Cr,2025-07-07,11:55,15.1,96.4,7.63,44.88,"TSS, Nuts, DOC, Alk",-9999,1,1.08515,1.21112,88.5,1126.0,1.57721,1.56832,Large rainstorm 7/4,11:55:00,366.09000000000003,366.09000000000003,1.0375,8.890000000000065,3.338174,6.130535
294,HP,2025-07-07,09:45,9.4,130.7,7.8,60.29,"TSS, Nuts, DOC, Alk",-9999,25,1.09861,1.2247,89.61,1111.4,1.23748,1.23513,Large rainstorm 7/4,09:45:00,12.780000000000014,12.780000000000014,1.02179,2.349999999999852,1.719696,7.713913
295,Avalanche_Cr,2025-07-07,09:55,10.3,183.6,7.85,84.2,"TSS, Nuts, DOC, Alk",-9999,51,1.06259,1.19076,87.84,1101.7,1.22199,1.21754,Large rainstorm 7/4,09:55:00,31.22999999999987,31.22999999999987,1.01386,4.449999999999843,1.224403,13.877779
296,GO_Cr,2025-07-07,10:05,10.3,116.0,7.64,93.21,"TSS, Nuts, DOC, Alk",-9999,8,1.10708,1.23389,88.74,1107.5,1.32969,1.31897,Large rainstorm 7/4,10:05:00,95.80000000000011,95.80000000000011,1.0187599999999999,10.720000000000063,4.773354,18.534313
297,SFP_Wapiti,2025-07-07,11:35,13.2,73.0,7.86,34.57,"TSS, Nuts, DOC, Alk",-9999,31,1.09438,1.22157,88.45,1123.0,1.22559,1.22385,Large rainstorm 7/4,11:35:00,4.0199999999999125,4.0199999999999125,1.0345499999999999,1.7399999999998528,2.634233,3.466677
298,Wapiti_Cr,2025-07-07,11:15,8.6,130.5,7.79,61.19,"TSS, Nuts, DOC, Alk",-9999,15,1.08534,1.21122,88.25,1020.3,1.21546,1.21391,Large rainstorm 7/4,11:15:00,4.2400000000000215,4.2400000000000215,0.9320499999999999,1.5499999999999403,3.258615,6.990474
299,Bear_Cr,2025-07-07,11:45,14.1,129.9,7.72,60.13,"TSS, Nuts, DOC, Alk",-9999,6,1.10428,1.23115,88.52,1058.8,1.24066,1.23929,Large rainstorm 7/4,11:45:00,9.51000000000013,9.51000000000013,0.9702799999999999,1.3700000000000934,1.147184,9.449389
300,SFP_Alder_Cr,2025-07-21,15:05,14.24,62.0,7.83,-9999,"TSS, Nuts, DOC, Alk",4.0,5,1.08908,1.21634,87.65,1132.09,1.22811,1.22575,used old YSI probe for temp and us,15:05:00,11.770000000000058,11.770000000000058,1.0444399999999998,2.3600000000001398,3.180811,5.551393
301,SFP_DW,2025-07-21,14:25,16.45,79.0,7.89,-9999,"TSS, Nuts, DOC, Alk",12.0,2,1.09774,1.22551,87.9,1152.45,1.22902,1.22756,used old YSI probe for temp and us,14:25:00,3.509999999999902,3.509999999999902,1.0645499999999999,1.4600000000000168,2.395947,7.029473
302,BJ_Cr,2025-07-21,13:50,9.7,46.0,7.95,-9999,"TSS, Nuts, DOC, Alk",8.0,33,1.10739,1.23581,88.79,1106.94,1.23861,1.23698,used old YSI probe for temp and us,13:50:00,2.7999999999999137,2.7999999999999137,1.01815,1.6300000000000203,2.535565,3.324914
303,SFP_BJ,2025-07-21,13:25,14.33,74.0,7.44,-9999,"TSS, Nuts, DOC, Alk",7.0,23,1.10267,1.23013,89.01,1143.23,1.23394,1.23301,used old YSI probe for temp and us,13:25:00,3.810000000000091,3.810000000000091,1.05422,0.9300000000000974,3.104957,7.119172
304,Warm_Sp,2025-07-21,13:25,15.03,97.0,7.79,-9999,"TSS, Nuts, DOC, Alk",13.0,9,1.06387,1.19159,88.36,1146.78,1.19519,1.19424,used old YSI probe for temp and us,13:25:00,3.6000000000000476,3.6000000000000476,1.0584200000000001,0.9500000000000064,2.051776,12.33535
305,SFP_Chap,2025-07-21,12:50,13.75,67.0,7.41,-9999,"TSS, Nuts, DOC, Alk",9.0,12,1.06649,1.19515,87.5,1142.76,1.19861,1.19758,used old YSI probe for temp and us,12:50:00,3.4600000000000186,3.4600000000000186,1.05526,1.0299999999998644,1.834549,6.961224
306,Chapman_Cr,2025-07-21,13:00,13.75,97.0,7.47,-9999,"TSS, Nuts, DOC, Alk",11.0,51,1.06251,1.18985,88.47,1026.57,1.21803,1.21578,used old YSI probe for temp and us,13:00:00,28.179999999999872,28.179999999999872,0.9380999999999999,2.249999999999863,2.403162,12.893042
307,Fox_Cr,2025-07-21,11:25,12.58,191.0,7.79,-9999,"TSS, Nuts, DOC, Alk",1.0,1,1.08526,1.21293,88.4,1131.35,1.21856,1.21693,used old YSI probe for temp and us,11:25:00,5.630000000000024,5.630000000000024,1.0429499999999998,1.6300000000000203,3.860766,20.611034
308,SFP_Wolf_Cr,2025-07-21,11:35,12.36,68.0,7.53,-9999,"TSS, Nuts, DOC, Alk",16.0,25,1.0985,1.22471,88.48,1098.77,1.22818,1.22685,used old YSI probe for temp and us,11:35:00,3.470000000000084,3.470000000000084,1.01029,1.3300000000000534,2.455031,7.047023
309,Canyon_Cr_SFP,2025-07-21,10:45,9.53,92.0,7.73,-9999,"TSS, Nuts, DOC, Alk",3.0,20,1.06182,1.18911,89.0,1134.53,1.19946,1.19775,used old YSI probe for temp and us,10:45:00,10.350000000000081,10.350000000000081,1.04553,1.7099999999998783,2.236634,6.614129
310,SFP_Canyon_Cr,2025-07-21,11:00,12.01,56.0,8.02,-9999,"TSS, Nuts, DOC, Alk",2.0,34,1.06505,1.19284,89.38,1145.99,1.19494,1.19405,used old YSI probe for temp and us,11:00:00,2.0999999999999908,2.0999999999999908,1.05661,0.8899999999998354,2.242289,2.90567
311,Camp_Cr,2025-07-21,10:20,10.32,65.0,7.93,-9999,"TSS, Nuts, DOC, Alk",14.0,4,1.10493,1.23106,88.52,1130.43,1.23823,1.23706,used old YSI probe for temp and us,10:20:00,7.169999999999899,7.169999999999899,1.0419100000000001,1.1699999999998933,2.823771,8.146808
312,SH_Cr,2025-07-21,10:15,11.28,57.0,7.63,-9999,"TSS, Nuts, DOC, Alk",19.0,50,1.08789,1.21641,89.62,1093.83,1.23924,1.23677,used old YSI probe for temp and us,10:15:00,22.829999999999906,22.829999999999906,1.0042099999999998,2.469999999999972,2.558184,3.136742
313,HP,2025-07-21,12:05,9.62,80.0,7.9,-9999,"TSS, Nuts, DOC, Alk",5.0,6,1.10436,1.23295,89.04,1122.45,1.23758,1.23627,used old YSI probe for temp and us,12:05:00,4.629999999999912,4.629999999999912,1.0334100000000002,1.3099999999999223,2.800956,10.85727
314,Avalanche_Cr,2025-07-21,12:20,12.25,112.0,7.81,-9999,"TSS, Nuts, DOC, Alk",6.0,19,1.07586,1.20409,87.47,1117.18,1.21155,1.20988,used old YSI probe for temp and us,12:20:00,7.4599999999998,7.4599999999998,1.0297100000000001,1.6699999999998383,2.670308,3.365083
315,GO_Cr,2025-07-21,12:30,15.01,127.0,7.56,-9999,"TSS, Nuts, DOC, Alk",10.0,60,1.09433,1.22138,88.57,1135.37,1.22659,1.22472,used old YSI probe for temp and us,12:30:00,5.210000000000159,5.210000000000159,1.0468,1.8700000000000383,2.940769,16.909986
316,SFP_Wapiti,2025-07-21,09:35,10.85,54.0,8.01,-9999,"TSS, Nuts, DOC, Alk",17.0,13,1.06473,1.19374,88.74,1159.68,1.19508,1.19452,used old YSI probe for temp and us,09:35:00,1.3399999999998968,1.3399999999998968,1.07094,0.5599999999998939,1.807055,5.75809
317,Wapiti_Cr,2025-07-21,09:04,7.08,76.0,7.39,-9999,"TSS, Nuts, DOC, Alk",15.0,14,1.07708,1.20592,89.06,1000.35,1.21112,1.20934,used old YSI probe for temp and us,09:04:00,5.199999999999871,5.199999999999871,0.9112899999999999,1.7799999999998928,2.059186,9.47279
318,Bear_Cr,2025-07-21,09:55,10.4,81.0,7.89,-9999,"TSS, Nuts, DOC, Alk",18.0,58,1.08356,1.21146,87.88,1141.35,1.21582,1.21449,used old YSI probe for temp and us,09:55:00,4.3599999999999195,4.3599999999999195,1.05347,1.3299999999998313,0.977926,7.866012
319,SFP_Alder_Cr,2025-08-01,12:55,14.62,100.0,8.08,65.82,"TSS, Nuts, DOC, Alk",4.0,13,1.063,1.191,87.63,1137.63,1.216,1.212,"rainstorm night of 7/31 before sampling, river very murky while sampling ",12:55:00,24.99999999999991,24.99999999999991,1.05,4.0000000000000036,2.556819,6.306033
320,SFP_DW,2025-08-01,13:07,13.89,80.0,8.03,84.93,"TSS, Nuts, DOC, Alk",1.0,23,1.101,1.23,88.4,1131.9,1.263,1.258,rainstorm night of 7/31 before sampling ,13:07:00,32.999999999999915,32.999999999999915,1.0435,4.999999999999893,0.664566,9.973932
321,BJ_Cr,2025-08-01,13:20,9.66,47.0,8.01,50.89,"TSS, Nuts, DOC, Alk",5.0,12,1.066,1.193,88.38,1090.53,1.202,1.193,rainstorm night of 7/31 before sampling ,13:20:00,8.999999999999897,8.999999999999897,1.0021499999999999,8.999999999999897,0.68972,1.073085
322,SFP_BJ,2025-08-01,13:55,17.17,83.0,8.09,81.43,"TSS, Nuts, DOC, Alk",3.0,4,1.106,1.231,88.21,1116.96,1.247,1.239,rainstorm night of 7/31 before sampling ,13:55:00,16.000000000000014,16.000000000000014,1.02875,8.000000000000007,0.757579,7.497466
323,Warm_Sp,2025-08-01,14:30,14.44,63.0,8.18,103.3,"TSS, Nuts, DOC, Alk",2.0,2,1.098,1.226,88.53,1116.34,1.226,1.225,rainstorm night of 7/31 before sampling ,14:30:00,0.0,0.0,1.02781,0.9999999999998899,0.568237,9.814034
324,SFP_Chap,2025-08-01,12:30,13.3,73.0,8.11,84.19,"TSS, Nuts, DOC, Alk",9.0,19,1.075,1.207,87.49,-9999,-9999,-9999,"rainstorm night of 7/31 before sampling, TSS bottle dumped and used to sample SFP below staircase rapid because of very murky water coming from middle fork",12:30:00,-9999,-9999,-9999,-9999,0.402879,7.329769
325,Chapman_Cr,2025-08-01,12:40,13.04,77.0,8.02,102.8,"TSS, Nuts, DOC, Alk",6.0,14,1.076,1.208,87.45,1081.21,1.231,1.235,rainstorm night of 7/31 before sampling ,12:40:00,23.00000000000013,23.00000000000013,0.99376,-4.0000000000000036,0.412072,12.38826
326,Fox_Cr,2025-08-01,11:17,13.11,189.0,7.87,193.8,"TSS, Nuts, DOC, Alk",15.0,25,1.098,1.23,88.23,1119.0,1.244,1.232,rainstorm night of 7/31 before sampling ,11:17:00,14.000000000000012,14.000000000000012,1.03077,12.00000000000001,5.536005,28.365625
327,SFP_Wolf_Cr,2025-08-01,11:25,12.17,73.0,8.08,74.92,"TSS, Nuts, DOC, Alk",14.0,22,1.111,1.243,88.51,1140.91,1.244,1.247,rainstorm night of 7/31 before sampling ,11:25:00,0.9999999999998899,0.9999999999998899,1.0524,-3.0000000000001137,0.404542,9.46545
328,Canyon_Cr_SFP,2025-08-01,11:00,9.98,94.0,7.89,96.52,"TSS, Nuts, DOC, Alk",17.0,17,1.092,1.223,88.73,1143.55,1.241,1.231,rainstorm night of 7/31 before sampling ,11:00:00,18.000000000000014,18.000000000000014,1.0548199999999999,10.000000000000009,0.40692,12.356554
329,SFP_Canyon_Cr,2025-08-01,11:05,11.9,62.0,7.11,127.8,"TSS, Nuts, DOC, Alk",13.0,18,1.112,1.244,88.34,1084.7,1.244,1.247,rainstorm night of 7/31 before sampling ,11:05:00,0.0,0.0,0.99636,-3.0000000000001137,0.292386,7.222318
330,Camp_Cr,2025-08-01,10:48,11.25,67.0,7.99,86.97,"TSS, Nuts, DOC, Alk",12.0,8,1.107,1.238,87.89,1128.4,1.242,1.241,rainstorm night of 7/31 before sampling ,10:48:00,4.0000000000000036,4.0000000000000036,1.04051,0.9999999999998899,0.629054,8.722363
331,SH_Cr,2025-08-01,10:45,12.56,58.0,8.12,62.18,"TSS, Nuts, DOC, Alk",11.0,15,1.085,1.215,88.07,1072.33,1.255,1.252,rainstorm night of 7/31 before sampling ,10:45:00,39.999999999999815,39.999999999999815,0.98426,2.9999999999998916,0.608842,7.432364
332,HP,2025-08-01,11:50,9.41,84.0,8.03,86.55,"TSS, Nuts, DOC, Alk",10.0,7,1.082,1.214,88.57,1140.5,1.215,1.218,rainstorm night of 7/31 before sampling ,11:50:00,1.000000000000112,1.000000000000112,1.05193,-2.9999999999998916,0.435058,10.523606
333,Avalanche_Cr,2025-08-01,12:05,12.31,115.0,7.96,117.5,"TSS, Nuts, DOC, Alk",7.0,1,1.085,1.216,88.99,1131.08,1.234,1.224,rainstorm night of 7/31 before sampling ,12:05:00,18.000000000000014,18.000000000000014,1.04209,10.000000000000009,0.497478,15.915447
334,GO_Cr,2025-08-01,12:15,1562.0,109.0,8.02,134.1,"TSS, Nuts, DOC, Alk",8.0,6,1.105,1.237,88.49,1099.43,1.366,1.357,rainstorm night of 7/31 before sampling ,12:15:00,129.0,129.0,1.01094,9.000000000000119,0.840288,19.391113
335,SFP_Wapiti,2025-08-01,10:25,11.69,60.0,8.11,63.72,"TSS, Nuts, DOC, Alk",16.0,20,1.063,1.193,88.46,1144.32,1.205,1.196,rainstorm night of 7/31 before sampling ,10:25:00,12.00000000000001,12.00000000000001,1.0558599999999998,9.000000000000119,0.152883,6.094807
336,Wapiti_Cr,2025-08-01,10:00,7.69,79.0,7.98,83.49,"TSS, Nuts, DOC, Alk",19.0,5,1.089,1.221,89.61,1061.07,1.222,1.221,rainstorm night of 7/31 before sampling ,10:00:00,0.9999999999998899,0.9999999999998899,0.9714599999999999,0.9999999999998899,0.240865,10.466141
337,Bear_Cr,2025-08-01,10:35,11.78,82.0,8.05,88.08,"TSS, Nuts, DOC, Alk",18.0,9,1.065,1.197,87.85,1081.82,1.211,1.199,rainstorm night of 7/31 before sampling ,10:35:00,14.000000000000012,14.000000000000012,0.9939699999999999,12.00000000000001,0.249187,11.227062
338,SFP_Alder_Cr,2025-08-14,08:43,13.17,44.0,7.49,61.59,"TSS, Nuts, DOC, Alk",9.0,32,1.08,1.212,88.34,1155.71,1.225,1.2238,,08:43:00,13.000000000000123,13.000000000000123,1.0673700000000002,1.2000000000000899,1.134947,11.556002
339,SFP_DW,2025-08-14,09:24,14.64,73.0,7.27,100.1,"TSS, Nuts, DOC, Alk",5.0,33,1.107,1.239,88.87,1126.54,1.243,1.2431,,09:24:00,4.0000000000000036,4.0000000000000036,1.03767,-0.09999999999998899,1.916873,13.184849
340,BJ_Cr,2025-08-14,10:20,8.17,33.0,7.29,55.45,"TSS, Nuts, DOC, Alk",13.0,58,1.083,1.212,88.57,1116.33,1.219,1.218,,10:20:00,7.000000000000117,7.000000000000117,1.02776,1.000000000000112,1.559201,8.821442
341,SFP_BJ,2025-08-14,10:35,11.41,63.0,7.16,95.34,"TSS, Nuts, DOC, Alk",12.0,68,1.095,1.225,88.22,1099.53,1.226,1.2261,,10:35:00,0.9999999999998899,0.9999999999998899,1.01131,-0.09999999999998899,1.520758,12.071209
342,Warm_Sp,2025-08-14,10:45,12.03,79.0,7.11,116.8,"TSS, Nuts, DOC, Alk",7.0,50,1.092,1.219,89.54,1121.45,1.22,1.2206,,10:45:00,0.9999999999998899,0.9999999999998899,1.03191,-0.5999999999999339,2.562467,9.655681
343,SFP_Chap,2025-08-14,10:55,12.12,60.0,7.14,87.09,"TSS, Nuts, DOC, Alk",18.0,59,1.094,1.226,88.03,1097.46,1.226,1.2262,,10:55:00,0.0,0.0,1.00943,-0.19999999999997797,1.556228,10.501809
344,Chapman_Cr,2025-08-14,16:25,13.07,79.0,6.93,112.5,"TSS, Nuts, DOC, Alk",3.0,34,1.067,1.198,88.75,1128.46,1.211,1.2099,,16:25:00,13.000000000000123,13.000000000000123,1.0397100000000001,1.100000000000101,1.386804,14.774065
345,Fox_Cr,2025-08-14,16:30,16.99,162.0,7.2,207.5,"TSS, Nuts, DOC, Alk",14.0,51,1.063,1.196,88.91,1120.25,1.199,1.1983,,16:30:00,3.0000000000001137,3.0000000000001137,1.03134,0.700000000000145,2.944711,30.347191
346,SFP_Wolf_Cr,2025-08-14,16:40,18.03,62.0,6.56,83.96,"TSS, Nuts, DOC, Alk",1.0,31,1.094,1.228,88.67,1151.42,1.233,1.2313,,16:40:00,5.0000000000001155,5.0000000000001155,1.06275,1.7000000000000348,1.278016,10.626648
347,Canyon_Cr_SFP,2025-08-14,16:15,14.75,78.0,6.27,106.7,"TSS, Nuts, DOC, Alk",19.0,53,1.086,1.217,89.83,1149.43,1.221,1.2207,,16:15:00,4.0000000000000036,4.0000000000000036,1.0596,0.300000000000189,2.115822,14.992038
348,SFP_Canyon_Cr,2025-08-14,16:20,17.86,59.0,7.16,75.64,"TSS, Nuts, DOC, Alk",8.0,54,1.081,1.209,88.59,1148.32,1.211,1.21,,16:20:00,2.0000000000000018,2.0000000000000018,1.05973,1.000000000000112,1.022593,8.367662
349,Camp_Cr,2025-08-14,12:40,13.45,52.0,7.16,75.33,"TSS, Nuts, DOC, Alk",16.0,56,1.089,1.222,88.78,1084.1,1.225,1.2231,,12:40:00,3.0000000000001137,3.0000000000001137,0.99532,1.9000000000000128,1.270486,10.493883
350,SH_Cr,2025-08-14,12:45,15.45,49.0,6.99,66.03,"TSS, Nuts, DOC, Alk",15.0,43,1.097,1.228,88.93,1104.76,1.243,1.2397,,12:45:00,15.000000000000124,15.000000000000124,1.01583,3.3000000000000806,1.634302,9.304943
351,HP,2025-08-14,11:35,9.36,60.0,7.16,95.11,"TSS, Nuts, DOC, Alk",4.0,29,1.115,1.247,88.07,1138.77,1.25,1.2503,,11:35:00,2.9999999999998916,2.9999999999998916,1.0507,-0.29999999999996696,1.457744,12.423928
352,Avalanche_Cr,2025-08-14,11:45,11.98,88.0,7.12,128.0,"TSS, Nuts, DOC, Alk",11.0,27,1.101,1.234,88.21,1111.92,1.235,1.237,,11:45:00,1.000000000000112,1.000000000000112,1.0237100000000001,-2.0000000000000018,1.45497,17.7048
353,GO_Cr,2025-08-14,12:05,15.78,110.0,6.97,150.4,"TSS, Nuts, DOC, Alk",2.0,39,1.099,1.233,88.75,1082.22,1.247,1.2438,,12:05:00,14.000000000000012,14.000000000000012,0.9934700000000001,3.2000000000000917,2.430297,21.660007
354,SFP_Wapiti,2025-08-14,14:50,16.93,56.0,7.23,71.61,"TSS, Nuts, DOC, Alk",17.0,28,1.107,1.24,89.13,1140.71,1.242,1.242,,14:50:00,2.0000000000000018,2.0000000000000018,1.05158,0.0,1.512436,7.541349
355,Wapiti_Cr,2025-08-14,14:30,10.0,54.0,6.91,88.38,"TSS, Nuts, DOC, Alk",10.0,30,1.096,1.231,88.65,1088.75,1.235,1.2325,,14:30:00,4.0000000000000036,4.0000000000000036,1.0001,2.5000000000001688,1.154763,11.851255
356,Bear_Cr,2025-08-14,15:00,18.33,76.0,7.2,94.82,"TSS, Nuts, DOC, Alk",6.0,37,1.801,1.214,87.93,1126.56,1.215,1.2146,,15:00:00,1.000000000000112,1.000000000000112,1.03863,0.400000000000178,1.519569,13.503881
357,MainPayette_Gauge,2025-08-27,12:30,19.1,47.0,7.07,55.33,"TSS, Nuts, DOC, Alk",16.0,25,1.0984,1.2314,58.144,591.81,1.2751,1.2673,non-regular sampling after rain. 500ml bottle for TSS,12:30:00,43.69999999999985,43.69999999999985,0.533666,7.799999999999807,3.100661,8.831348
358,SFP_Staircase,2025-08-27,13:00,17.1,79.0,6.94,95.1,"TSS, Nuts, DOC, Alk",19.0,"16,32,27,41",4.3401,4.8741,57.94,597.88,5.7575,5.5978,non-regular sampling after rain. 500ml bottle for TSS,13:00:00,883.4,883.4,0.5399400000000001,159.69999999999996,4.82066,15.386369
359,MFP_Crouch,2025-08-27,13:15,18.3,68.0,7.07,75.63,"TSS, Nuts, DOC, Alk",10.0,58,1.0852,1.2177,58.031,579.85,1.2268,1.2237,non-regular sampling after rain. 500ml bottle for TSS,13:15:00,9.099999999999886,9.099999999999886,0.521819,3.0999999999998806,4.178633,12.800426
360,SFP_Wapiti,2025-08-27,14:35,14.5,60.0,7.08,70.89,"TSS, Nuts, DOC, Alk",11.0,11,1.0863,1.218,58.19,576.71,1.2795,1.2717,non-regular sampling after rain. 500ml bottle for TSS,14:35:00,61.500000000000114,61.500000000000114,0.51852,7.800000000000029,1.782919,8.17347
361,SH_Cr,2025-08-27,14:50,15.6,54.0,6.92,67.08,"TSS, Nuts, DOC, Alk",12.0,49,1.0885,1.2228,57.887,573.18,1.2398,1.2361,non-regular sampling after rain. 500ml bottle for TSS,14:50:00,16.999999999999904,16.999999999999904,0.5152929999999999,3.7000000000000366,2.284652,9.596233
362,Canyon_Cr_SFP,2025-08-27,15:00,12.6,90.0,6.98,102.4,"TSS, Nuts, DOC, Alk",20.0,"4,40,39",3.3143,3.7159,57.98,607.7,3.8732,3.8484,non-regular sampling after rain. 500ml bottle for TSS,15:00:00,157.3000000000002,157.3000000000002,0.54972,24.800000000000377,5.308125,17.062775
363,SFP_Canyon_Cr,2025-08-27,15:05,12.5,67.0,7.05,73.65,"TSS, Nuts, DOC, Alk",13.0,59,1.0922,1.2264,57.78,604.07,1.3054,1.2959,non-regular sampling after rain. 500ml bottle for TSS,15:05:00,78.99999999999996,78.99999999999996,0.54629,9.499999999999842,2.473693,9.614067
364,Fox_Cr,2025-08-27,15:20,15.1,177.0,6.81,195.6,"TSS, Nuts, DOC, Alk",7.0,46,1.1008,1.2336,58.498,566.91,1.2496,1.245,non-regular sampling after rain. 500ml bottle for TSS,15:20:00,16.000000000000014,16.000000000000014,0.508412,4.5999999999999375,2.517882,28.442905
365,SFP_Wolf_Cr,2025-08-27,15:30,14.2,74.0,6.95,111.2,"TSS, Nuts, DOC, Alk",1.0,45,1.1007,1.2322,57.091,594.95,1.3744,1.3576,non-regular sampling after rain. 500ml bottle for TSS,15:30:00,142.2000000000001,142.2000000000001,0.5378590000000001,16.800000000000146,4.236098,13.270057
366,SFP_Chap,2025-08-27,15:45,14.3,73.0,6.89,84.05,"TSS, Nuts, DOC, Alk",17.0,48,1.0994,1.2329,58.26,588.59,1.3687,1.3521,non-regular sampling after rain. 500ml bottle for TSS,15:45:00,135.79999999999993,135.79999999999993,0.5303300000000001,16.599999999999948,3.15555,11.159689
367,Warm_Sp,2025-08-27,15:55,14.6,90.0,7.03,103.2,"TSS, Nuts, DOC, Alk",18.0,"28,47,20",3.2673,3.6684,58.189,590.95,4.0679,4.0315,non-regular sampling after rain. 500ml bottle for TSS,15:55:00,399.4999999999998,399.4999999999998,0.532761,36.399999999999544,3.284748,14.306416
368,SFP_BJ,2025-08-27,16:05,14.4,77.0,6.68,90.74,"TSS, Nuts, DOC, Alk",5.0,"37,8,13,29,31,36",6.5471,7.3453,58.078,603.64,8.7442,8.5935,non-regular sampling after rain. 500ml bottle for TSS,16:05:00,1398.8999999999994,1398.8999999999994,0.545562,150.69999999999874,3.250863,12.463559
369,BJ_Cr,2025-08-27,16:20,12.8,46.0,7.13,58.14,"TSS, Nuts, DOC, Alk",15.0,34,1.0653,1.1976,58.168,591.1,1.1993,1.1968,non-regular sampling after rain. 500ml bottle for TSS,16:20:00,1.7000000000000348,1.7000000000000348,0.532932,2.4999999999999467,2.283463,8.324068
370,SFP_DW,2025-08-27,16:50,16.1,79.0,6.74,90.87,"TSS, Nuts, DOC, Alk",6.0,"40,6,30,68",3.2981,3.6979,57.163,592.81,4.3957,4.3131,non-regular sampling after rain. 500ml bottle for TSS,16:50:00,697.7999999999995,697.7999999999995,0.535647,82.59999999999934,4.396605,14.583835
371,SFP_Alder_Cr,2025-08-27,17:20,16.8,59.0,6.96,75.36,"TSS, Nuts, DOC, Alk",9.0,"1,HZ,FC20,55,51,44,50,14,17,7,18",11.9665,13.4337,58.226,594.02,17.5004,16.7906,non-regular sampling after rain. 500ml bottle for TSS,17:20:00,4066.699999999999,4066.699999999999,0.535794,709.7999999999978,7.440289,16.535677
372,SFP_Alder_Cr,2025-08-29,12:05,15.26,65.0,7.16,65.66,"TSS, Nuts, DOC, Alk",2.0,45,1.1008,1.2338,88.56,1142.1,1.2937,1.2849,,12:05:00,59.90000000000006,59.90000000000006,1.05354,8.800000000000141,2.156048,10.600887
373,SFP_DW,2025-08-29,11:30,14.06,91.0,6.76,92.74,"TSS, Nuts, DOC, Alk",4.0,1,1.084,1.2171,87.64,1130.54,1.2959,1.2845,,11:30:00,78.79999999999998,78.79999999999998,1.0429,11.400000000000077,1.295454,12.019689
374,BJ_Cr,2025-08-29,10:45,8.13,51.0,7.13,52.19,"TSS, Nuts, DOC, Alk",6.0,FC11,1.0792,1.2128,87.45,1057.64,1.2148,1.2125,,10:45:00,2.0000000000000018,2.0000000000000018,0.9701900000000001,2.300000000000191,1.377887,8.001073
375,SFP_BJ,2025-08-29,10:30,10.47,86.0,6.92,87.35,"TSS, Nuts, DOC, Alk",3.0,23,1.1025,1.2343,88.19,1158.74,1.2981,1.2911,,10:30:00,63.80000000000008,63.80000000000008,1.07055,7.000000000000117,1.365602,11.538168
376,Warm_Sp,2025-08-29,10:10,10.91,102.0,6.79,102.3,"TSS, Nuts, DOC, Alk",5.0,32,1.079,1.2125,88.39,1147.76,1.2909,1.2825,,10:10:00,78.40000000000002,78.40000000000002,1.05937,8.399999999999963,0.633611,12.756831
377,SFP_Chap,2025-08-29,10:00,9.99,80.0,6.61,82.0,"TSS, Nuts, DOC, Alk",7.0,10,1.0827,1.2146,89.0,1144.9,1.2663,1.2597,,10:00:00,51.70000000000008,51.70000000000008,1.0559,6.599999999999939,1.108593,10.365081
378,Fox_Cr,2025-08-29,12:35,13.54,190.0,6.85,192.5,"TSS, Nuts, DOC, Alk",13.0,58,1.0831,1.2157,88.36,1030.99,1.2216,1.2191,,12:35:00,5.900000000000016,5.900000000000016,0.94263,2.4999999999999467,2.146537,28.948204
379,SFP_Wolf_Cr,2025-08-29,12:45,13.14,79.0,6.9,79.97,"TSS, Nuts, DOC, Alk",12.0,2,1.0981,1.231,87.88,1104.77,1.2915,1.2828,,12:45:00,60.5,60.5,1.01689,8.700000000000152,1.329141,10.941717
380,Canyon_Cr_SFP,2025-08-29,12:15,10.29,99.0,6.92,100.4,"TSS, Nuts, DOC, Alk",15.0,4,1.1051,1.2377,88.24,1149.05,1.3929,1.3696,,12:15:00,155.20000000000002,155.20000000000002,1.06081,23.300000000000097,1.923412,14.312361
381,SFP_Canyon_Cr,2025-08-29,12:20,12.79,69.0,6.58,66.98,"TSS, Nuts, DOC, Alk",14.0,43,1.0967,1.2298,88.51,1146.87,1.2599,1.2561,,12:20:00,30.100000000000016,30.100000000000016,1.05836,3.8000000000000256,1.330924,8.878906
382,Camp_Cr,2025-08-29,11:45,11.78,72.0,7.14,73.22,"TSS, Nuts, DOC, Alk",16.0,33,1.1073,1.2397,88.45,1140.78,1.2457,1.2436,,11:45:00,6.000000000000005,6.000000000000005,1.05233,2.0999999999999908,0.949869,10.491901
383,SH_Cr,2025-08-29,11:35,12.95,61.0,6.94,61.85,"TSS, Nuts, DOC, Alk",17.0,27,1.1006,1.2335,88.73,1152.67,1.2418,1.2398,,11:35:00,8.299999999999974,8.299999999999974,1.06394,2.0000000000000018,1.409989,9.047339
384,HP,2025-08-29,13:10,10.92,93.0,6.89,93.42,"TSS, Nuts, DOC, Alk",11.0,51,1.0628,1.196,88.08,1152.99,1.416,1.3946,,13:10:00,219.99999999999997,219.99999999999997,1.06491,21.399999999999864,2.799463,14.128075
385,Avalanche_Cr,2025-08-29,16:26,14.5,119.0,6.62,119.3,"TSS, Nuts, DOC, Alk",10.0,12,1.0663,1.1994,88.57,1137.31,1.4141,1.2723,,16:26:00,214.6999999999999,214.6999999999999,1.04874,141.79999999999993,2.650053,19.656643
386,GO_Cr,2025-08-29,16:45,10.56,133.0,6.85,134.3,"TSS, Nuts, DOC, Alk",8.0,31,1.0942,1.2278,88.5,1078.62,1.2482,1.2456,,16:45:00,20.399999999999974,20.399999999999974,0.9901199999999999,2.5999999999999357,1.381256,20.601851
387,SFP_Wapiti,2025-08-29,11:15,11.34,66.0,6.64,68.09,"TSS, Nuts, DOC, Alk",18.0,29,1.1171,1.251,87.84,1148.58,1.2789,1.2752,,11:15:00,27.900000000000034,27.900000000000034,1.06074,3.7000000000000366,1.316657,8.872962
388,Wapiti_Cr,2025-08-29,18:28,9.86,82.0,6.92,82.51,"TSS, Nuts, DOC, Alk",9.0,39,1.1009,1.2344,88.35,1157.55,1.2411,1.2371,,18:28:00,6.70000000000015,6.70000000000015,1.0692000000000002,4.0000000000000036,1.070546,12.089043
389,Bear_Cr,2025-08-29,11:25,11.97,90.0,6.65,90.08,"TSS, Nuts, DOC, Alk",19.0,5,1.0894,1.2221,89.61,1145.66,1.2232,1.2223,,11:25:00,1.100000000000101,1.100000000000101,1.0560500000000002,0.9000000000001229,0.918362,13.111531
390,Canyon_Cr_Banner,2025-08-29,13:41,11.39,98.0,6.69,98.72,TSS,20.0,16,1.096,1.229,87.72,1075.4,1.2376,1.2357,site added 8/29.,13:41:00,8.599999999999941,8.599999999999941,0.9876800000000001,1.9000000000000128,-9999,-9999
391,Canyon_Cr_DF_1,2025-08-29,14:05,12.04,106.0,6.72,106.7,TSS,21.0,38,1.0982,1.2297,105.86,1109.75,1.282,1.3885,site added 8/29. TSS in brown bottles,14:05:00,52.30000000000001,52.30000000000001,1.00389,-106.50000000000004,-9999,-9999
392,Canyon_Cr_DF_3,2025-08-29,14:45,12.79,119.0,6.77,115.8,TSS,22.0,25,1.0984,1.2311,104.35,1133.14,1.5372,1.4835,site added 8/29. TSS in brown bottles. This might actually be Canyon_Cr_DF2.,14:45:00,306.0999999999998,306.0999999999998,1.02879,53.69999999999986,-9999,-9999
393,Wapiti_Cr,2025-09-12,11:40,6.68,81.0,6.4,84.08,"TSS, Nuts, DOC, Alk",4.0,11,1.0851,1.216,102.53,1032.6,1.2217,1.2183,,11:40:00,5.700000000000038,5.700000000000038,0.93007,3.4000000000000696,0.961362,11.752177
394,SFP_Wapiti,2025-09-12,12:00,10.01,72.0,7.14,72.43,"TSS, Nuts, DOC, Alk",7.0,20,1.0613,1.194,104.97,1138.68,1.1971,1.1964,,12:00:00,3.1000000000001027,3.1000000000001027,1.0337100000000001,0.700000000000145,0.463196,7.975313
395,Bear_Cr,2025-09-12,12:10,9.39,91.0,6.85,91.52,"TSS, Nuts, DOC, Alk",8.0,40,1.1056,1.2374,101.89,1152.41,1.2396,1.238,,12:10:00,2.1999999999999797,2.1999999999999797,1.05052,1.6000000000000458,0.624496,12.768721
396,SH_Cr,2025-09-12,12:20,10.64,60.0,6.61,60.84,"TSS, Nuts, DOC, Alk",3.0,28,1.1077,1.2394,103.18,1089.71,1.246,1.2444,,12:20:00,6.599999999999939,6.599999999999939,0.98653,1.6000000000000458,0.640745,8.51628
397,Camp_Cr,2025-09-12,12:30,9.98,72.0,6.5,72.18,"TSS, Nuts, DOC, Alk",15.0,53,1.0851,1.2182,106.69,1128.06,1.2243,1.2226,,12:30:00,6.099999999999994,6.099999999999994,1.02137,1.7000000000000348,0.720404,10.763376
398,Canyon_Cr_SFP,2025-09-12,12:45,8.7,102.0,6.63,103.0,"TSS, Nuts, DOC, Alk",2.0,1,1.0758,1.2072,106.05,1119.5,1.2259,1.2233,,12:45:00,18.69999999999994,18.69999999999994,1.01345,2.5999999999999357,0.942537,14.195448
399,SFP_Canyon_Cr,2025-09-12,12:50,10.86,74.0,7.02,73.89,"TSS, Nuts, DOC, Alk",14.0,59,1.0919,1.2238,101.51,1158.76,1.2277,1.2261,,12:50:00,3.9000000000000146,3.9000000000000146,1.05725,1.6000000000000458,0.617164,8.74416
400,Fox_Cr,2025-09-12,13:05,11.29,184.0,6.6,186.8,"TSS, Nuts, DOC, Alk",11.0,47,1.0967,1.2289,102.55,1136.36,1.2352,1.2329,,13:05:00,6.299999999999972,6.299999999999972,1.03381,2.2999999999999687,1.374321,28.383459
401,SFP_Wolf_Cr,2025-09-12,13:20,11.66,85.0,6.72,84.45,"TSS, Nuts, DOC, Alk",12.0,9,1.0635,1.1972,101.56,1081.57,1.2026,1.2011,,13:20:00,5.399999999999849,5.399999999999849,0.9800099999999999,1.4999999999998348,0.437634,10.755449
402,GO_Cr,2025-09-12,13:40,13.14,132.0,6.8,132.8,"TSS, Nuts, DOC, Alk",16.0,37,1.0809,1.2135,102.63,1111.06,1.2235,1.2208,,13:40:00,10.000000000000009,10.000000000000009,1.00843,2.6999999999999247,0.994652,19.823093
403,Avalanche_Cr,2025-09-12,14:00,12.62,129.0,6.58,131.9,"TSS, Nuts, DOC, Alk",5.0,57,1.0785,1.2117,88.38,-9999,1.2612,1.2587,forgot to weigh full bottle.,14:00:00,49.5000000000001,49.5000000000001,-9999,2.5000000000001688,1.008523,19.331665
404,HP,2025-09-12,14:15,9.03,96.0,6.46,98.32,"TSS, Nuts, DOC, Alk",19.0,34,1.0647,1.1973,89.62,-9999,1.2256,1.2167,forgot to weigh full bottle.,14:15:00,28.29999999999999,28.29999999999999,-9999,8.90000000000013,1.008127,13.244296
405,SFP_Chap,2025-09-12,17:15,13.4,84.0,6.25,86.68,"TSS, Nuts, DOC, Alk",13.0,18,1.1108,1.2421,88.34,-9999,1.2478,1.2468,forgot to weigh full bottle.,17:15:00,5.700000000000038,5.700000000000038,-9999,1.000000000000112,0.618155,10.317524
406,Warm_Sp,2025-09-12,17:25,14.53,103.0,6.53,104.2,"TSS, Nuts, DOC, Alk",17.0,46,1.1005,1.2333,88.73,1157.88,1.2437,1.241,,17:25:00,10.399999999999965,10.399999999999965,1.06915,2.6999999999999247,0.651247,13.182868
407,SFP_BJ,2025-09-12,17:40,13.66,91.0,6.43,93.16,"TSS, Nuts, DOC, Alk",10.0,13,1.064,1.1954,87.57,1153.48,1.2036,1.2021,,17:40:00,8.199999999999985,8.199999999999985,1.0659100000000001,1.5000000000000568,0.541865,11.320196
408,BJ_Cr,2025-09-12,17:50,9.14,51.0,6.32,53.56,"TSS, Nuts, DOC, Alk",6.0,49,1.0879,1.2194,87.45,-9999,1.2222,1.2205,forgot to weigh full bottle.,17:50:00,2.7999999999999137,2.7999999999999137,-9999,1.7000000000000348,0.375215,7.119276
409,SFP_DW,2025-09-12,18:26,14.22,96.0,6.3,96.69,"TSS, Nuts, DOC, Alk",9.0,48,1.0988,1.2314,88.34,1146.89,1.2381,1.2365,the tin number label looks like H8,18:26:00,6.699999999999928,6.699999999999928,1.05855,1.6000000000000458,1.216192,12.873743
410,SFP_Alder_Cr,2025-09-12,18:55,14.72,102.0,6.65,103.5,"TSS, Nuts, DOC, Alk",1.0,14,1.0762,1.209,88.38,1153.68,1.2136,1.2125,,18:55:00,4.5999999999999375,4.5999999999999375,1.0653000000000001,1.100000000000101,0.76598,13.264112
411,Canyon_Cr_Banner,2025-09-12,16:15,9.18,96.0,6.93,97.46,TSS,20.0,2,1.0974,1.2301,102.85,1090.46,-9999,1.2323,Forgot to weigh sed before ashing. Furthest upstream on Canyon beyond 8/27 debris flows,16:15:00,-9999,-9999,0.98761,-9999,-9999,-9999
412,Canyon_Cr_DF2,2025-09-12,16:25,9.63,103.0,6.82,101.5,TSS,24.0,32,1.0786,1.2118,102.82,1034.33,-9999,1.2427,Forgot to weigh sed before ashing.,16:25:00,-9999,-9999,0.93151,-9999,-9999,-9999
413,Canyon_Cr_DF8,2025-09-12,14:55,9.29,107.0,6.89,110.7,TSS,21.0,FC11,1.0786,1.2111,102.41,1091.29,-9999,1.3273,Forgot to weigh sed before ashing. site first sampled 9/12,14:55:00,-9999,-9999,0.98888,-9999,-9999,-9999
414,Canyon_Cr_DF5,2025-09-12,15:35,9.94,105.0,7.0,86.98,TSS,22.0,5,1.0887,1.2218,105.1,1039.92,-9999,1.2378,Forgot to weigh sed before ashing. site first sampled 9/12,15:35:00,-9999,-9999,0.9348200000000001,-9999,-9999,-9999
415,Canyon_Cr_DF4,2025-09-12,15:50,10.78,114.0,6.97,112.2,TSS,23.0,39,1.1011,1.2349,102.79,1146.36,-9999,1.2475,Forgot to weigh sed before ashing. site first sampled 9/12,15:50:00,-9999,-9999,1.0435699999999999,-9999,-9999,-9999
416,Canyon_Cr_slump1,2025-09-12,14:45,9.78,115.0,6.94,113.4,TSS,25.0,31,1.0939,1.2258,102.87,1142.19,-9999,1.2773,Forgot to weigh sed before ashing. site first sampled 9/12,14:45:00,-9999,-9999,1.0393200000000002,-9999,-9999,-9999
417,SFP_Wapiti,2025-09-26,15:25,13.0,75.0,7.23,69.31,"TSS, Nuts, DOC, Alk",12.0,1,1.0846,1.2175,87.88,1119.34,1.2207,1.2202,,15:25:00,3.1999999999998696,3.1999999999998696,1.03146,0.49999999999994493,1.154961,8.761994
418,Bear_Cr,2025-09-26,15:10,13.8,92.0,6.48,89.31,"TSS, Nuts, DOC, Alk",6.0,17,1.0912,1.2254,87.46,1133.43,1.2273,1.2262,,15:10:00,1.9000000000000128,1.9000000000000128,1.04597,1.100000000000101,0.354409,12.95895
419,SH_Cr,2025-09-26,15:45,14.55,61.0,6.6,60.72,"TSS, Nuts, DOC, Alk",20.0,6,1.1035,1.2371,88.28,1048.12,1.2443,1.2425,,15:45:00,7.199999999999873,7.199999999999873,0.9598399999999999,1.8000000000000238,1.682058,9.33863
420,Camp_Cr,2025-09-26,15:55,12.9,72.0,6.47,68.03,"TSS, Nuts, DOC, Alk",24.0,58,1.0833,1.2164,87.73,1118.11,1.2267,1.2247,,15:55:00,10.299999999999976,10.299999999999976,1.0303799999999999,2.0000000000000018,1.753196,11.484666
421,Canyon_Cr_SFP,2025-09-26,16:10,10.98,104.0,6.5,102.1,"TSS, Nuts, DOC, Alk",2.0,45,1.1012,1.2346,88.81,1101.35,1.2422,1.2403,,16:10:00,7.600000000000051,7.600000000000051,1.01254,1.9000000000000128,0.35639,13.672315
422,SFP_Canyon_Cr,2025-09-26,16:20,13.31,77.0,6.45,75.82,"TSS, Nuts, DOC, Alk",19.0,27,1.1009,1.2356,87.47,1081.66,1.2383,1.2367,,16:20:00,2.6999999999999247,2.6999999999999247,0.99419,1.6000000000000458,0.301303,8.631211
423,Fox_Cr,2025-09-26,16:35,12.25,188.0,6.98,184.6,"TSS, Nuts, DOC, Alk",1.0,44,1.0914,1.2247,88.4,1080.69,1.2335,1.2304,,16:35:00,8.800000000000141,8.800000000000141,0.9922900000000001,3.1000000000001027,0.668883,27.156872
424,SFP_Wolf_Cr,2025-09-26,16:45,13.35,87.0,6.68,83.95,"TSS, Nuts, DOC, Alk",13.0,23,1.1024,1.2349,88.36,1092.88,1.2384,1.2378,,16:45:00,3.4999999999998366,3.4999999999998366,1.00452,0.5999999999999339,0.065496,10.030196
425,GO_Cr,2025-09-26,14:20,11.06,131.0,6.88,128.6,"TSS, Nuts, DOC, Alk",17.0,51,1.062,1.1954,88.74,1069.6,1.2043,1.2017,,14:20:00,8.899999999999908,8.899999999999908,0.98086,2.5999999999999357,0.434464,18.965076
426,Avalanche_Cr,2025-09-26,14:05,11.88,129.0,6.55,125.9,"TSS, Nuts, DOC, Alk",15.0,29,1.1163,1.2492,88.5,1136.8,1.2561,1.2546,,14:05:00,6.899999999999906,6.899999999999906,1.0483,1.5000000000000568,0.457648,18.255676
427,HP,2025-09-26,13:40,9.5,97.0,6.57,96.27,"TSS, Nuts, DOC, Alk",3.0,FC20,1.1174,1.2494,88.2,1111.12,1.2557,1.255,,13:40:00,6.299999999999972,6.299999999999972,1.0229199999999998,0.700000000000145,1.092344,13.367153
428,SFP_Chap,2025-09-26,17:10,13.14,87.0,6.63,84.98,"TSS, Nuts, DOC, Alk",8.0,55,1.0942,1.2267,88.51,1090.22,1.2302,1.2284,,17:10:00,3.5000000000000586,3.5000000000000586,1.00171,1.8000000000000238,0.396418,10.42651
429,Warm_Sp,2025-09-26,17:25,14.47,110.0,6.57,107.5,"TSS, Nuts, DOC, Alk",9.0,10,1.0821,1.2152,88.36,1108.05,1.2202,1.2189,,17:25:00,4.999999999999893,4.999999999999893,1.01969,1.2999999999998568,0.313192,12.919319
430,SFP_BJ,2025-09-26,17:40,13.21,94.0,6.63,92.57,"TSS, Nuts, DOC, Alk",14.0,7,1.0826,1.2154,88.52,1119.17,1.219,1.2183,,17:40:00,3.6000000000000476,3.6000000000000476,1.03065,0.700000000000145,0.133662,11.078445
431,BJ_Cr,2025-09-26,17:50,8.52,52.0,6.38,48.37,"TSS, Nuts, DOC, Alk",18.0,36,1.0804,1.2146,87.84,1103.23,1.2176,1.216,,17:50:00,3.0000000000001137,3.0000000000001137,1.01539,1.6000000000000458,0.269399,7.065774
432,SFP_DW,2025-09-26,18:30,12.77,99.0,6.27,97.29,"TSS, Nuts, DOC, Alk",16.0,12,1.0664,1.1994,88.46,1083.7,1.2035,1.2026,,18:30:00,4.0999999999999925,4.0999999999999925,0.99524,0.9000000000001229,0.591404,12.43978
433,SFP_Alder_Cr,2025-09-26,19:00,13.7,105.0,6.58,104.2,"TSS, Nuts, DOC, Alk",5.0,41,1.0622,1.1954,88.38,1123.35,1.1985,1.1969,,19:00:00,3.0999999999998806,3.0999999999998806,1.0349699999999997,1.5999999999998238,0.474491,13.105587
434,Canyon_Cr_Banner,2025-09-26,11:15,5.75,95.0,6.5,94.6,"TSS, Nuts, DOC, Alk",10.0,38,1.0942,1.2267,87.58,1076.76,1.2337,1.2329,,11:15:00,7.000000000000117,7.000000000000117,0.98918,0.7999999999999119,1.57327,12.410057
435,Canyon_Cr_DF2,2025-09-26,11:30,6.58,101.0,6.61,101.2,"TSS, Nuts, DOC, Alk",4.0,HZ,1.0691,1.2011,87.91,1099.57,1.2064,1.2046,,11:30:00,5.29999999999986,5.29999999999986,1.01166,1.8000000000000238,1.021007,13.36319
436,Canyon_Cr_DF8,2025-09-26,13:05,10.77,116.0,6.46,113.9,"TSS, Nuts, DOC, Alk",21.0,43,1.0959,1.2296,88.83,1106.01,1.2375,1.236,,13:05:00,7.900000000000018,7.900000000000018,1.01718,1.5000000000000568,1.584565,16.383097
437,Canyon_Cr_DF5,2025-09-26,12:20,8.46,107.0,6.54,105.8,"TSS, Nuts, DOC, Alk",23.0,16,1.0965,1.2291,88.81,1084.96,1.2327,1.232,,12:20:00,3.5999999999998256,3.5999999999998256,0.9961500000000001,0.6999999999999229,2.000099,15.21199
438,Canyon_Cr_DF4,2025-09-26,11:50,8.58,114.0,6.98,111.0,"TSS, Nuts, DOC, Alk",11.0,33,1.1071,1.24,88.07,1061.91,1.2444,1.2434,,11:50:00,4.3999999999999595,4.3999999999999595,0.9738400000000001,0.9999999999998899,1.181316,15.612267
439,Canyon_Cr_slump1,2025-09-26,13:30,10.98,116.0,6.55,114.5,"TSS, Nuts, DOC, Alk",22.0,8,1.1067,1.2392,89.61,1105.27,1.2467,1.2458,,13:30:00,7.49999999999984,7.49999999999984,1.01566,0.8999999999999009,1.92262,16.547565
440,SFP_DW,2025-10-04,09:10,10.42,92.0,7.76,93.92,TSS,1.0,47,1.0972,1.2298,88.4,1107.13,1.3175,1.3074,non-regular sampling after 10/03 rain.,09:10:00,87.69999999999989,87.69999999999989,1.0187300000000001,10.099999999999998,-9999,-9999
441,BJ_Cr,2025-10-04,09:40,7.0,53.0,7.98,48.67,TSS,17.0,5,1.0895,1.2219,88.73,1093.84,1.2236,1.2223,non-regular sampling after 10/03 rain.,09:40:00,1.7000000000000348,1.7000000000000348,1.00511,1.3000000000000789,-9999,-9999
442,SFP_BJ,2025-10-04,09:50,8.99,88.0,7.95,89.91,TSS,11.0,48,1.0992,1.2314,88.73,1081.82,1.2977,1.2915,non-regular sampling after 10/03 rain.,09:50:00,66.30000000000003,66.30000000000003,0.9930899999999999,6.199999999999983,-9999,-9999
443,Warm_Sp,2025-10-04,10:05,9.86,103.0,8.31,105.1,TSS,16.0,20,1.062,1.195,88.46,1116.93,1.2588,1.2549,non-regular sampling after 10/03 rain.,10:05:00,63.799999999999855,63.799999999999855,1.02847,3.9000000000000146,-9999,-9999
444,SFP_Chap,2025-10-04,10:15,8.53,82.0,7.45,82.9,TSS,3.0,59,1.0927,1.2262,88.2,1120.05,1.2764,1.2706,non-regular sampling after 10/03 rain.,10:15:00,50.200000000000024,50.200000000000024,1.03185,5.800000000000027,-9999,-9999
445,Fox_Cr,2025-10-04,10:30,8.99,186.0,7.93,187.4,TSS,10.0,25,1.0983,1.2313,87.58,1090.86,1.242,1.2391,non-regular sampling after 10/03 rain.,10:30:00,10.699999999999932,10.699999999999932,1.00328,2.8999999999999027,-9999,-9999
446,SFP_Wolf_Cr,2025-10-04,10:35,8.71,82.0,8.22,84.34,TSS,18.0,4,1.1053,1.2381,87.83,1118.06,1.2863,1.2808,non-regular sampling after 10/03 rain.,10:35:00,48.20000000000002,48.20000000000002,1.03023,5.50000000000006,-9999,-9999
447,Canyon_Cr_SFP,2025-10-04,10:50,7.36,106.0,7.73,112.3,TSS,5.0,11,1.0857,1.2195,88.39,1107.52,1.408,1.3886,non-regular sampling after 10/03 rain.,10:50:00,188.4999999999999,188.4999999999999,1.01913,19.399999999999864,-9999,-9999
448,SFP_Canyon_Cr,2025-10-04,10:55,9.12,71.0,8.04,72.54,TSS,22.0,40,1.1066,1.2403,89.61,1115.18,1.2507,1.2491,non-regular sampling after 10/03 rain.,10:55:00,10.399999999999965,10.399999999999965,1.02557,1.5999999999998238,-9999,-9999
449,SH_Cr,2025-10-04,11:05,8.55,62.0,8.03,65.05,TSS,21.0,39,1.1019,1.2347,88.83,1088.59,1.329,1.3231,non-regular sampling after 10/03 rain.,11:05:00,94.30000000000005,94.30000000000005,0.9997599999999999,5.900000000000016,-9999,-9999
450,Camp_Cr,2025-10-04,11:10,8.27,75.0,7.85,83.38,TSS,2.0,68,1.0944,1.2264,88.8,1091.0,1.2308,1.2286,non-regular sampling after 10/03 rain.,11:10:00,4.3999999999999595,4.3999999999999595,1.0022,2.1999999999999797,-9999,-9999
451,Bear_Cr,2025-10-04,11:20,8.94,94.0,7.79,112.4,TSS,24.0,34,1.0655,1.1982,87.73,1099.97,1.2006,1.1995,non-regular sampling after 10/03 rain.,11:20:00,2.3999999999999577,2.3999999999999577,1.01224,1.0999999999998789,-9999,-9999
452,SFP_Wapiti,2025-10-04,11:25,9.46,68.0,7.4,69.7,TSS,13.0,18,1.1117,1.2445,88.35,1106.54,1.2537,1.2524,non-regular sampling after 10/03 rain.,11:25:00,9.200000000000097,9.200000000000097,1.01819,1.3000000000000789,-9999,-9999
453,Wapiti_Cr,2025-10-04,16:40,7.53,67.0,7.91,83.07,TSS,19.0,13,1.0649,1.1979,87.47,1114.14,1.2112,1.2089,non-regular sampling after 10/03 rain.,16:40:00,13.30000000000009,13.30000000000009,1.02667,2.2999999999999687,-9999,-9999
454,SFP_Alder_Cr,2025-10-04,09:30,-9999,-9999,7.39,79.53,TSS,25.0,"57,FC11",2.1578,2.4245,102.86,1080.07,2.7736,2.7305,non-regular sampling after 10/03 rain.,09:30:00,349.09999999999997,349.09999999999997,0.9772099999999999,43.099999999999916,-9999,-9999
455,Chapman_Cr,2025-10-05,12:40,6.49,106.0,7.67,89.74,TSS,20.0,53,1.0857,1.2195,88.28,1038.67,1.2725,1.2665,non-regular sampling after 10/03 rain.,12:40:00,52.999999999999936,52.999999999999936,0.9503900000000001,6.000000000000005,-9999,-9999
456,SFP_DW,2025-10-10,11:00,8.46,97.0,8.2,98.03,"TSS, Nuts, DOC, Alk",19.0,FC10,1.1065,1.2387,87.46,1091.11,1.2497,1.2475,,11:00:00,11.00000000000012,11.00000000000012,1.00365,2.1999999999999797,0.347275,12.378352
457,SFP_Wapiti,2025-10-10,12:20,9.15,73.0,8.09,78.54,"TSS, Nuts, DOC, Alk",5.0,FC13,1.0695,1.202,88.38,1068.99,1.2048,1.2048,,12:20:00,2.8000000000001357,2.8000000000001357,0.98061,0.0,0.129104,7.818769
458,Bear_Cr,2025-10-10,12:30,9.96,93.0,7.85,91.83,"TSS, Nuts, DOC, Alk",9.0,FC4,1.0584,1.1915,88.34,1033.75,1.1934,1.1934,,12:30:00,1.9000000000000128,1.9000000000000128,0.94541,0.0,0.189146,12.142546
459,SH_Cr,2025-10-10,12:45,10.48,61.0,7.79,60.22,"TSS, Nuts, DOC, Alk",11.0,FC12,1.0878,1.2205,88.06,1096.3,1.2605,1.2572,,12:45:00,40.000000000000036,40.000000000000036,1.00824,3.2999999999998586,0.408307,8.272547
460,Camp_Cr,2025-10-10,12:50,10.17,75.0,7.49,77.56,"TSS, Nuts, DOC, Alk",2.0,FC14,1.0817,1.2144,88.8,1119.55,1.2241,1.2221,,12:50:00,9.700000000000042,9.700000000000042,1.03075,2.0000000000000018,1.290897,10.662316
461,Canyon_Cr_SFP,2025-10-10,13:05,8.64,105.0,7.62,106.3,"TSS, Nuts, DOC, Alk",12.0,FC16,1.0704,1.202,87.88,1113.98,1.258,1.2529,,13:05:00,56.00000000000005,56.00000000000005,1.0261,5.1000000000001044,1.024178,13.731762
462,SFP_Canyon_Cr,2025-10-10,13:15,9.61,76.0,7.45,80.83,"TSS, Nuts, DOC, Alk",3.0,FC18,1.0527,1.1849,88.2,1114.13,1.1882,1.1885,,13:15:00,3.2999999999998586,3.2999999999998586,1.02593,-0.29999999999996696,0.665118,8.300289
463,Fox_Cr,2025-10-10,13:30,10.31,180.0,7.79,183.6,"TSS, Nuts, DOC, Alk",1.0,1,1.076,1.2094,88.39,1112.15,1.215,1.2135,,13:30:00,5.600000000000049,5.600000000000049,1.02376,1.5000000000000568,1.93768,26.701111
464,SFP_Wolf_Cr,2025-10-10,13:45,10.55,86.0,8.11,86.46,"TSS, Nuts, DOC, Alk",16.0,49,1.0874,1.2215,88.46,1114.79,1.2337,1.2329,,13:45:00,12.199999999999989,12.199999999999989,1.02633,0.7999999999999119,1.134353,10.666279
465,Canyon_Cr_Banner,2025-10-10,14:25,8.39,90.0,7.47,97.86,TSS,21.0,R21,1.1077,1.2385,88.83,1101.57,1.2424,1.2426,,14:25:00,3.9000000000000146,3.9000000000000146,1.01274,-0.19999999999997797,-9999,-9999
466,Canyon_Cr_DF5,2025-10-10,14:45,11.01,108.0,7.87,109.0,TSS,22.0,FC19,1.0682,1.2003,89.74,1117.4,1.2128,1.211,,14:45:00,12.500000000000178,12.500000000000178,1.02766,1.8000000000000238,-9999,-9999
467,Canyon_Cr_slump1,2025-10-10,15:05,11.03,122.0,7.75,120.6,"TSS,DOC",15.0,2,1.0976,1.2298,88.49,1113.33,1.3056,1.2974,,15:05:00,75.8000000000001,75.8000000000001,1.02484,8.199999999999985,2.46755,16.101715
468,HP,2025-10-10,15:15,9.73,97.0,7.97,96.05,"TSS, Nuts, DOC, Alk",6.0,9,1.0636,1.1962,87.45,1119.05,1.2576,1.2535,,15:15:00,61.40000000000012,61.40000000000012,1.0315999999999999,4.0999999999999925,1.371546,13.194757
469,Avalanche_Cr,2025-10-10,15:35,11.36,121.0,7.43,131.8,"TSS, Nuts, DOC, Alk",10.0,28,1.1078,1.2414,87.57,1119.22,1.3137,1.3125,,15:35:00,72.30000000000003,72.30000000000003,1.0316500000000002,1.2000000000000899,1.550482,18.48752
470,GO_Cr,2025-10-10,15:50,10.32,115.0,7.74,133.0,"TSS, Nuts, DOC, Alk",8.0,37,1.0808,1.2136,88.5,1081.19,1.2424,1.2404,,15:50:00,28.799999999999937,28.799999999999937,0.9926900000000001,2.0000000000000018,1.030519,19.369316
471,SFP_Chap,2025-10-10,16:10,11.45,85.0,7.35,86.47,"TSS, Nuts, DOC, Alk",7.0,46,1.1007,1.2326,89.0,1139.29,1.2434,1.2429,,16:10:00,10.800000000000143,10.800000000000143,1.05029,0.500000000000167,0.719611,10.523606
472,Warm_Sp,2025-10-10,16:20,13.55,109.0,7.67,109.2,"TSS, Nuts, DOC, Alk",4.0,31,1.0939,1.2265,87.91,1112.58,1.2433,1.2419,,16:20:00,16.800000000000146,16.800000000000146,1.0246699999999997,1.4000000000000679,-9999,-9999
473,SFP_BJ,2025-10-10,16:40,11.71,93.0,7.77,92.99,"TSS, Nuts, DOC, Alk",18.0,32,1.0786,1.2102,87.83,1141.43,1.2267,1.226,,16:40:00,16.499999999999957,16.499999999999957,1.0536,0.6999999999999229,-9999,-9999
474,BJ_Cr,2025-10-10,16:55,8.36,53.0,7.65,53.9,"TSS, Nuts, DOC, Alk",14.0,14,1.0761,1.2083,88.52,1091.57,1.2113,1.2099,,16:55:00,3.0000000000001137,3.0000000000001137,1.00305,1.4000000000000679,-9999,-9999
475,SFP_Alder_Cr,2025-10-10,18:15,11.6,104.0,8.26,104.3,"TSS, Nuts, DOC, Alk",17.0,FC17,1.0901,1.222,88.73,1108.92,1.2311,1.2303,,18:15:00,9.100000000000108,9.100000000000108,1.0201900000000002,0.8000000000001339,-9999,-9999
476,SFP_Wapiti,2025-12-04,09:50,1.53,73.0,7.38,69.94,"TSS, Nuts, DOC, Alk",8.0,9,1.0634,1.1973,88.54,1121.15,1.201,1.2001,,09:50:00,3.7000000000000366,3.7000000000000366,1.03261,0.9000000000001229,-9999,-9999
477,Bear_Cr,2025-12-04,10:10,-0.34,88.0,7.26,83.34,"TSS, Nuts, DOC, Alk",10.0,46,1.1008,1.2344,87.57,1023.01,1.2367,1.2358,,10:10:00,2.2999999999999687,2.2999999999999687,0.93544,0.8999999999999009,-9999,-9999
478,SH_Cr,2025-12-04,10:25,-0.34,58.0,7.7,56.91,"TSS, Nuts, DOC, Alk",2.0,FC10,1.1068,1.2387,88.85,1077.43,1.2426,1.2419,,10:25:00,3.9000000000000146,3.9000000000000146,0.98858,0.6999999999999229,-9999,-9999
479,Camp_Cr,2025-12-04,10:40,0.35,73.0,7.54,70.37,"TSS, Nuts, DOC, Alk",17.0,FC4,1.0586,1.1908,88.73,1057.0,1.1929,1.1925,,10:40:00,2.0999999999999908,2.0999999999999908,0.96827,0.400000000000178,-9999,-9999
480,Canyon_Cr_SFP,2025-12-04,11:10,-0.29,104.0,7.31,7.16,"TSS, Nuts, DOC, Alk",11.0,FC19,1.0683,1.2004,88.09,1060.58,1.3088,1.3025,lots of coarse organic matter suspended in water.,11:10:00,108.40000000000005,108.40000000000005,0.9724899999999999,6.299999999999972,-9999,-9999
481,SFP_Canyon_Cr,2025-12-04,11:20,1.01,76.0,7.65,71.11,"TSS, Nuts, DOC, Alk",16.0,68,1.0939,1.2276,88.46,1064.47,1.2297,1.2297,,11:20:00,2.0999999999999908,2.0999999999999908,0.97601,0.0,-9999,-9999
482,Fox_Cr,2025-12-04,12:00,-0.33,178.0,7.18,150.3,"TSS, Nuts, DOC, Alk",7.0,18,1.111,1.2438,89.07,1103.77,1.2552,1.2525,,12:00:00,11.400000000000077,11.400000000000077,1.0147,2.7000000000001467,-9999,-9999
483,SFP_Wolf_Cr,2025-12-04,12:10,0.79,87.0,7.32,79.2,"TSS, Nuts, DOC, Alk",18.0,11,1.0854,1.2169,87.84,1132.3,1.2218,1.2213,,12:10:00,4.899999999999904,4.899999999999904,1.04446,0.49999999999994493,-9999,-9999
484,SFP_Chap,2025-12-04,13:35,0.97,83.0,7.64,80.11,"TSS, Nuts, DOC, Alk",13.0,5,1.0891,1.2231,88.36,1093.4,1.2269,1.226,slow water,13:35:00,3.8000000000000256,3.8000000000000256,1.0050400000000002,0.9000000000001229,-9999,-9999
485,Warm_Sp,2025-12-04,13:55,5.27,115.0,7.18,102.7,"TSS, Nuts, DOC, Alk",6.0,48,1.099,1.2322,87.45,1091.36,1.2396,1.2389,,13:55:00,7.400000000000073,7.400000000000073,1.0039099999999999,0.700000000000145,-9999,-9999
486,SFP_BJ,2025-12-04,14:05,1.8,92.0,7.29,87.99,"TSS, Nuts, DOC, Alk",14.0,20,1.0617,1.1938,88.52,1122.37,1.1989,1.1981,,14:05:00,5.1000000000001044,5.1000000000001044,1.03385,0.8000000000001339,-9999,-9999
487,BJ_Cr,2025-12-04,14:20,1.37,49.0,7.58,50.71,"TSS, Nuts, DOC, Alk",1.0,53,1.0852,1.2176,88.39,1083.29,1.2193,1.2173,,14:20:00,1.7000000000000348,1.7000000000000348,0.9949,2.0000000000000018,-9999,-9999
488,SFP_DW,2025-12-04,16:00,0.92,90.0,7.38,90.1,"TSS, Nuts, DOC, Alk",12.0,13,1.0644,1.1976,87.89,1114.74,1.2016,1.2009,,16:00:00,4.0000000000000036,4.0000000000000036,1.0268499999999998,0.6999999999999229,-9999,-9999
489,SFP_Alder_Cr,2025-12-04,16:20,1.6,109.0,7.02,94.19,"TSS, Nuts, DOC, Alk",9.0,FC11,1.0787,1.2117,88.34,1129.21,1.2137,1.213,,16:20:00,2.0000000000000018,2.0000000000000018,1.0408700000000002,0.6999999999999229,-9999,-9999
490,SFP_Alder_Cr,2026-02-07,10:30,-9999,89.0,7.69,75.9,"TSS, Nuts, DOC, Alk",8.0,45,1.1005,1.2326,88.51,1162.78,1.2374,1.2361,Field EC CR800. Notebook values from Omega,10:30:00,4.8000000000001375,4.8000000000001375,1.07427,1.3000000000000789,-9999,-9999
491,SFP_DW,2026-02-07,11:15,-9999,82.0,6.27,88.67,"TSS, Nuts, DOC, Alk",16.0,43,1.0961,1.2275,88.44,1061.48,1.2305,1.2296,Still need temp,11:15:00,2.9999999999998916,2.9999999999998916,0.97304,0.8999999999999009,-9999,-9999
492,SH_Cr,2026-02-07,12:20,-9999,54.0,6.37,55.13,"TSS, Nuts, DOC, Alk",6.0,FC13,1.0694,1.2009,87.44,1113.19,1.2125,1.2113,,12:20:00,11.599999999999833,11.599999999999833,1.02575,1.1999999999998678,-9999,-9999
493,Camp_Cr,2026-02-07,12:40,-9999,74.0,6.37,72.53,"TSS, Nuts, DOC, Alk",7.0,FC12,1.0879,1.2206,88.99,1108.68,1.2271,1.2261,,12:40:00,6.500000000000172,6.500000000000172,1.01969,1.000000000000112,-9999,-9999
494,Canyon_Cr_SFP,2026-02-07,13:35,-9999,101.0,6.39,93.85,"TSS, Nuts, DOC, Alk",10.0,1,1.0761,1.2086,87.56,1139.92,1.3002,1.299,,13:35:00,91.60000000000012,91.60000000000012,1.0523600000000002,1.2000000000000899,-9999,-9999
495,SFP_Canyon_Cr,2026-02-07,13:45,-9999,71.0,6.41,68.38,"TSS, Nuts, DOC, Alk",9.0,HZ,1.0692,1.2023,88.33,1164.74,1.2039,1.2033,,13:45:00,1.6000000000000458,1.6000000000000458,1.07641,0.5999999999999339,-9999,-9999
496,SFP_Wolf_Cr,2026-02-07,14:30,-9999,84.0,6.37,82.66,"TSS, Nuts, DOC, Alk",3.0,31,1.0942,1.2275,88.18,1113.9,1.2309,1.2297,,14:30:00,3.4000000000000696,3.4000000000000696,1.02572,1.2000000000000899,-9999,-9999
497,Fox_Cr,2026-02-07,14:45,-9999,134.0,6.32,129.1,"TSS, Nuts, DOC, Alk",4.0,4,1.1045,1.2355,87.89,1086.22,1.245,1.2423,omega read out as ms,14:45:00,9.500000000000064,9.500000000000064,0.99833,2.7000000000001467,-9999,-9999
498,SFP_Chap,2026-02-07,15:20,-9999,81.0,6.38,78.26,"TSS, Nuts, DOC, Alk",1.0,38,1.098,1.2285,88.38,1138.92,1.2314,1.2306,,15:20:00,2.9000000000001247,2.9000000000001247,1.05054,0.8000000000001339,-9999,-9999
499,Warm_Sp,2026-02-07,15:35,-9999,106.0,6.33,103.5,"TSS, Nuts, DOC, Alk",12.0,58,1.083,1.2172,87.87,1140.6,1.2235,1.2232,,15:35:00,6.299999999999972,6.299999999999972,1.05273,0.29999999999996696,-9999,-9999
500,SFP_BJ,2026-02-07,15:55,-9999,88.0,6.42,85.11,"TSS, Nuts, DOC, Alk",2.0,8,1.1071,1.2414,88.79,1143.46,1.2472,1.246,,15:55:00,5.800000000000027,5.800000000000027,1.05467,1.2000000000000899,-9999,-9999
501,BJ_Cr,2026-02-07,16:20,-9999,44.0,6.44,47.08,"TSS, Nuts, DOC, Alk",5.0,FC16,1.0707,1.2042,88.36,1110.25,1.2056,1.2038,Not typical site. Sampled above the highway culvert.,16:20:00,1.4000000000000679,1.4000000000000679,1.02189,1.8000000000000238,-9999,-9999
502,SH_Cr,2026-03-08,11:50,4.4,54.0,6.94,78.22,"TSS, Nuts, DOC, Alk",16.0,FC18,1.0533,1.1867,88.45,1089.31,1.1889,1.188,Field temp and field EC from CRX800. Notebook values from EC300. LabEC cell const = 0.881,11:50:00,2.1999999999999797,2.1999999999999797,1.0008599999999999,0.9000000000001229,-9999,-9999
503,Camp_Cr,2026-03-08,12:05,4.7,76.0,-9999,-9999,"Nuts, DOC, Alk",11.0,-9999,-9999,-9999,-9999,-9999,-9999,-9999,no TSS lost lid,12:05:00,-9999,-9999,-9999,-9999,-9999,-9999
504,Canyon_Cr_SFP,2026-03-08,12:50,4.0,106.0,6.66,117.1,"TSS, Nuts, DOC, Alk",17.0,47,1.0968,1.2284,88.73,1085.64,1.2432,1.242,,12:50:00,14.800000000000146,14.800000000000146,0.9969100000000001,1.2000000000000899,-9999,-9999
505,SFP_Canyon_Cr,2026-03-08,13:20,5.1,70.0,6.74,84.51,"TSS, Nuts, DOC, Alk",15.0,59,1.0922,1.2258,87.97,1057.31,1.2279,1.227,,13:20:00,2.0999999999999908,2.0999999999999908,0.9693399999999999,0.8999999999999009,-9999,-9999
506,SFP_Wolf_Cr,2026-03-08,14:15,6.5,78.0,7.07,94.05,"TSS, Nuts, DOC, Alk",14.0,10,1.0828,1.2157,88.5,1088.9,1.2167,1.2162,,14:15:00,0.9999999999998899,0.9999999999998899,1.0004000000000002,0.49999999999994493,-9999,-9999
507,Fox_Cr,2026-03-08,13:55,6.1,124.0,7.14,144.6,"TSS, Nuts, DOC, Alk",13.0,49,1.0885,1.2215,88.33,1085.09,1.2273,1.2267,,13:55:00,5.800000000000027,5.800000000000027,0.9967599999999999,0.600000000000156,-9999,-9999
508,SFP_Chap,2026-03-08,15:00,6.7,81.0,7.07,92.29,"TSS, Nuts, DOC, Alk",7.0,FC17,1.0896,1.222,89.0,1129.72,1.2232,1.2224,,15:00:00,1.2000000000000899,1.2000000000000899,1.04072,0.8000000000001339,-9999,-9999
509,Warm_Sp,2026-03-08,15:45,10.2,104.0,7.1,119.4,"TSS, Nuts, DOC, Alk",19.0,14,1.0771,1.2093,87.46,1124.12,1.2126,1.2119,,15:45:00,3.2999999999998586,3.2999999999998586,1.03666,0.6999999999999229,-9999,-9999
510,SFP_BJ,2026-03-08,16:10,7.5,88.0,7.02,101.0,"TSS, Nuts, DOC, Alk",6.0,25,1.0984,1.231,87.44,1131.04,1.2338,1.2334,,16:10:00,2.7999999999999137,2.7999999999999137,1.0435999999999999,0.39999999999995595,-9999,-9999
511,BJ_Cr,2026-03-08,16:40,4.7,51.0,7.37,58.85,"TSS, Nuts, Alk",1.0,2,1.0982,1.2308,88.39,1117.64,1.2321,1.2306,DOC bottle leaked during transport,16:40:00,1.3000000000000789,1.3000000000000789,1.02925,1.5000000000000568,-9999,-9999
512,SFP_DW,2026-03-08,17:35,6.7,87.0,6.83,99.27,"TSS, Nuts, DOC, Alk",18.0,R21,1.108,1.2397,87.84,1116.28,1.2424,1.242,,17:35:00,2.6999999999999247,2.6999999999999247,1.02844,0.39999999999995595,-9999,-9999
513,SFP_Alder_Cr,2026-03-08,18:25,6.5,86.0,7.15,97.88,"TSS, Nuts, DOC, Alk",9.0,28,1.1087,1.2404,88.33,1138.94,1.2436,1.2427,,18:25:00,3.2000000000000917,3.2000000000000917,1.05061,0.9000000000001229,-9999,-9999
514,HP,2026-04-11,12:45,4.6,74.0,6.87,82.14,"TSS, Nuts, DOC, Alk",4.0,29,1.1165,1.2493,87.89,1136.69,1.5245,1.4969,,12:45:00,275.1999999999999,275.1999999999999,1.0488,27.60000000000007,-9999,-9999
515,Avalanche_Cr,2026-04-11,13:03,5.7,81.5,6.97,84.6,"TSS, Nuts, DOC, Alk",10.0,FC14,1.0814,1.2143,87.56,1100.03,1.7847,1.7527,,13:03:00,570.4,570.4,1.01247,32.00000000000003,-9999,-9999
516,SFP_Wapiti,2026-04-11,13:40,6.8,52.1,7.42,55.49,"TSS, Nuts, DOC, Alk",3.0,FC20,1.1177,1.2507,88.19,1113.59,1.3184,1.3121,,13:40:00,67.70000000000009,67.70000000000009,1.0253999999999999,6.299999999999972,-9999,-9999
517,Bear_Cr,2026-04-11,13:50,7.0,70.5,7.02,72.15,"TSS, Nuts, DOC, Alk",2.0,16,1.0959,1.2281,89.58,1146.36,1.2586,1.2559,,13:50:00,30.49999999999997,30.49999999999997,1.05678,2.6999999999999247,-9999,-9999
518,SH_Cr,2026-04-11,14:05,6.9,51.7,7.3,53.22,"TSS, Nuts, DOC, Alk",7.0,6,1.1038,1.2356,88.99,1133.58,1.2962,1.289,,14:05:00,60.59999999999999,60.59999999999999,1.04459,7.200000000000095,-9999,-9999
519,Camp_Cr,2026-04-11,14:10,6.8,67.5,6.8,67.36,"TSS, Nuts, DOC, Alk",6.0,33,1.107,1.2388,87.44,1014.6,1.281,1.2764,,14:10:00,42.20000000000002,42.20000000000002,0.9271600000000001,4.5999999999999375,-9999,-9999
520,Canyon_Cr_SFP,2026-04-11,14:30,6.1,84.5,7.72,92.65,"TSS, Nuts, DOC, Alk",11.0,55,1.0944,1.2252,88.87,1077.76,1.5036,1.4796,,14:30:00,278.4,278.4,0.9888899999999999,24.00000000000002,-9999,-9999
521,SFP_Canyon_Cr,2026-04-11,14:40,7.1,52.4,7.4,53.81,"TSS, Nuts, DOC, Alk",1.0,7,1.0825,1.2129,88.38,1165.6,1.2906,1.2827,,14:40:00,77.69999999999987,77.69999999999987,1.0772199999999998,7.900000000000018,-9999,-9999
522,Fox_Cr,2026-04-11,14:55,7.7,119.8,6.92,126.5,"TSS, Nuts, DOC, Alk",9.0,51,1.0624,1.1953,88.34,1124.04,1.2249,1.2189,,14:55:00,29.600000000000072,29.600000000000072,1.0357,6.000000000000005,-9999,-9999
523,SFP_Wolf_Cr,2026-04-11,15:15,7.7,61.1,7.0,68.29,"TSS, Nuts, DOC, Alk",19.0,23,1.1024,1.2356,87.46,1153.4,1.3803,1.3635,,15:15:00,144.70000000000005,144.70000000000005,1.06594,16.800000000000146,-9999,-9999
524,SFP_Chap,2026-04-11,15:40,7.6,63.6,7.24,65.81,"TSS, Nuts, DOC, Alk",17.0,32,1.0786,1.2103,88.72,1158.18,1.3247,1.3141,,15:40:00,114.40000000000006,114.40000000000006,1.06946,10.599999999999943,-9999,-9999
525,Warm_Sp,2026-04-11,16:00,7.9,74.8,6.99,78.61,"TSS, Nuts, DOC, Alk",14.0,1,1.0848,1.217,88.5,1138.09,1.4366,1.4272,,16:00:00,219.60000000000002,219.60000000000002,1.04959,9.400000000000075,-9999,-9999
526,SFP_BJ,2026-04-11,16:15,7.8,67.8,6.97,69.84,"TSS, Nuts, DOC, Alk",12.0,39,1.1014,1.2348,87.87,1122.36,1.4093,1.395,,16:15:00,174.5000000000001,174.5000000000001,1.0344899999999997,14.29999999999998,-9999,-9999
527,BJ_Cr,2026-04-11,16:20,6.7,51.2,6.92,52.94,"TSS, Nuts, DOC, Alk",20.0,34,1.0652,1.1972,88.27,1122.96,1.2001,1.1979,,16:20:00,2.8999999999999027,2.8999999999999027,1.03469,2.1999999999999797,-9999,-9999
528,SFP_DW,2026-04-11,17:10,8.3,66.6,6.91,68.06,"TSS, Nuts, DOC, Alk",13.0,37,1.0808,1.2144,88.34,1133.67,1.3378,1.3242,1 of 2 SFP_DW samples collected from this site to compare AM and PM. Site name is SFP_DW_PM in field book,17:10:00,123.40000000000018,123.40000000000018,1.04533,13.600000000000056,-9999,-9999
529,SFP_Alder_Cr,2026-04-11,17:45,9.0,64.2,6.95,66.87,"TSS, Nuts, DOC, Alk",15.0,40,1.1063,1.2384,87.97,1128.68,1.342,1.3284,1 of 2 SFP_Alder samples collected from this site to compare AM and PM. Site name is SFP_Alder_PM in field book,17:45:00,103.60000000000014,103.60000000000014,1.04071,13.600000000000056,-9999,-9999
530,SFP_Alder_Cr_AM,2026-04-11,11:00,9.3,64.9,7.13,68.31,TSS,18.0,27,1.1008,1.2342,87.83,1148.56,1.3014,1.2933,2 of 2 SFP_Alder samples collected to compare AM and PM. Site name is SFP_Alder_AM in field book,11:00:00,67.19999999999993,67.19999999999993,1.06073,8.099999999999996,-9999,-9999
531,SFP_DW_AM,2026-04-11,11:45,7.5,67.4,7.14,70.58,TSS,8.0,17,1.0917,1.2229,88.51,1153.49,1.3333,1.3199,2 of 2 SFP_DW samples collected compare AM and PM. Site name is SFP_DW_AM in field book,11:45:00,110.39999999999984,110.39999999999984,1.06498,13.399999999999856,-9999,-9999
532,HP,2026-05-11,12:30,7.8,59.7,6.99,61.99,"TSS, Nuts, DOC, Alk",13.0,FC19,1.0684,1.2008,88.34,1147.86,1.3904,1.3747,lab ec constant 0.911/cm,12:30:00,189.6,189.6,1.05952,15.700000000000047,-9999,-9999
533,Avalanche_Cr,2026-05-11,12:50,9.7,64.7,7.12,67.96,"TSS, Nuts, DOC, Alk",2.0,68,1.0941,1.2286,89.61,1096.01,1.5087,1.4974,,12:50:00,280.1,280.1,1.0064,11.299999999999866,-9999,-9999
534,GO_Cr,2026-05-11,13:05,11.1,58.1,6.87,61.93,"TSS, Nuts, DOC, Alk",11.0,20,1.0617,1.1955,88.85,1089.65,1.4523,1.4307,,13:05:00,256.7999999999999,256.7999999999999,1.0008000000000001,21.59999999999984,-9999,-9999
535,SFP_Wapiti,2026-05-11,13:40,9.2,34.5,7.0,36.33,"TSS, Nuts, DOC, Alk",6.0,FC10,1.107,1.2397,87.45,1142.85,1.2848,1.281,,13:40:00,45.099999999999916,45.099999999999916,1.0554,3.8000000000000256,-9999,-9999
536,Bear_Cr,2026-05-11,13:50,12.1,46.6,6.89,54.13,"TSS, Nuts, DOC, Alk",3.0,18,1.1113,1.2436,88.19,1129.71,1.3347,1.3293,,13:50:00,91.09999999999997,91.09999999999997,1.04152,5.400000000000071,-9999,-9999
537,SH_Cr,2026-05-11,14:05,13.9,39.3,6.91,45.16,"TSS, Nuts, DOC, Alk",8.0,5,1.089,1.2219,88.53,1074.72,1.4934,1.4806,,14:05:00,271.50000000000006,271.50000000000006,0.98619,12.800000000000145,-9999,-9999
538,Camp_Cr,2026-05-11,14:15,13.3,61.9,6.9,65.47,"TSS, Nuts, DOC, Alk",1.0,FC11,1.0788,1.2125,88.39,1133.81,1.227,1.2246,,14:15:00,14.50000000000018,14.50000000000018,1.0454199999999998,2.4000000000001798,-9999,-9999
539,Canyon_Cr_SFP,2026-05-11,14:30,10.7,65.8,6.86,68.93,"TSS, Nuts, DOC, Alk",10.0,9,1.0637,1.196,87.56,1084.02,1.5002,1.486,,14:30:00,304.20000000000005,304.20000000000005,0.99646,14.19999999999999,-9999,-9999
540,SFP_Canyon_Cr,2026-05-11,14:35,10.2,27.0,7.06,37.87,"TSS, Nuts, DOC, Alk",7.0,11,1.0857,1.2191,88.99,1139.21,1.2829,1.2788,,14:35:00,63.799999999999855,63.799999999999855,1.05022,4.0999999999999925,-9999,-9999
541,Fox_Cr,2026-05-11,14:55,15.0,126.2,6.73,129.9,"TSS, Nuts, DOC, Alk",4.0,13,1.0646,1.1983,87.89,1120.47,1.2119,1.2094,,14:55:00,13.600000000000056,13.600000000000056,1.0325799999999998,2.4999999999999467,-9999,-9999
542,SFP_Wolf_Cr,2026-05-11,15:10,11.0,44.8,6.75,46.64,"TSS, Nuts, DOC, Alk",9.0,53,1.0854,1.2179,88.33,1159.34,1.3328,1.3247,,15:10:00,114.9,114.9,1.07101,8.099999999999996,-9999,-9999
543,SFP_Chap,2026-05-11,15:35,11.2,44.2,7.15,46.49,"TSS, Nuts, DOC, Alk",12.0,FC4,1.0588,1.1917,87.87,1132.07,1.2846,1.2769,,15:35:00,92.89999999999998,92.89999999999998,1.0441999999999998,7.70000000000004,-9999,-9999
544,Warm_Sp,2026-05-11,15:50,11.7,54.4,7.79,57.3,"TSS, Nuts, DOC, Alk",15.0,48,1.0991,1.2317,87.97,1139.53,1.524,1.5176,,15:50:00,292.3,292.3,1.05156,6.399999999999961,-9999,-9999
545,SFP_BJ,2026-05-11,16:00,11.5,47.6,7.06,50.53,"TSS, Nuts, DOC, Alk",16.0,46,1.101,1.2336,88.45,1143.06,1.3712,1.3632,,16:00:00,137.59999999999994,137.59999999999994,1.0546099999999998,8.000000000000007,-9999,-9999
546,BJ_Cr,2026-05-11,16:20,10.6,47.9,7.08,50.28,"TSS, Nuts, DOC, Alk",17.0,12,1.0663,1.2,88.72,1067.11,1.2027,1.2009,,16:20:00,2.7000000000001467,2.7000000000001467,0.9783899999999999,1.8000000000000238,-9999,-9999
547,SFP_DW,2026-05-11,17:40,11.5,48.5,9.26,45.96,"TSS, Nuts, DOC, Alk",14.0,44,1.0917,1.2252,88.51,1137.62,1.3338,1.3266,,17:40:00,108.60000000000002,108.60000000000002,1.04911,7.200000000000095,-9999,-9999
548,SFP_Alder_Cr,2026-05-11,18:20,11.1,49.9,7.15,53.0,"TSS, Nuts, DOC, Alk",18.0,36,1.0802,1.2127,87.83,1129.44,1.3106,1.304,,18:20:00,97.90000000000009,97.90000000000009,1.0416100000000001,6.599999999999939,-9999,-9999
549,SFP_Wapiti,2026-06-13,06:45,7.7,39.8,9.29,41.75,"TSS, Nuts, DOC, Alk",12.0,1,1.0764,1.2094,87.87,1157.55,1.2149,1.2139,lab ec constant 0.917/cm,06:45:00,5.50000000000006,5.50000000000006,1.0696799999999997,1.000000000000112,-9999,-9999
550,Bear_Cr,2026-06-13,06:55,6.6,67.7,7.92,71.39,"TSS, Nuts, DOC, Alk",9.0,HZ,1.0696,1.2027,88.33,1142.73,1.2096,1.2088,,06:55:00,6.899999999999906,6.899999999999906,1.0544,0.7999999999999119,-9999,-9999
551,SH_Cr,2026-06-13,07:10,6.6,50.7,6.73,53.83,"TSS, Nuts, DOC, Alk",10.0,38,1.0985,1.2306,87.56,1118.04,1.2342,1.2329,,07:10:00,3.6000000000000476,3.6000000000000476,1.03048,1.2999999999998568,-9999,-9999
552,Camp_Cr,2026-06-13,07:20,6.4,60.4,6.77,63.89,"TSS, Nuts, DOC, Alk",7.0,45,1.1011,1.2331,88.99,1084.82,1.242,1.2408,,07:20:00,8.899999999999908,8.899999999999908,0.9958299999999999,1.2000000000000899,-9999,-9999
553,Canyon_Cr_SFP,2026-06-13,07:50,6.4,81.4,6.82,85.43,"TSS, Nuts, DOC, Alk",11.0,FC16,1.0711,1.204,88.85,1122.14,1.2216,1.2198,,07:50:00,17.60000000000006,17.60000000000006,1.0332900000000003,1.8000000000000238,-9999,-9999
554,SFP_Canyon_Cr,2026-06-13,08:00,7.6,42.0,7.2,44.92,"TSS, Nuts, DOC, Alk",8.0,FC17,1.0895,1.2224,88.53,1130.53,1.2276,1.2265,,08:00:00,5.200000000000093,5.200000000000093,1.042,1.100000000000101,-9999,-9999
555,Fox_Cr,2026-06-13,08:25,8.0,161.9,7.11,172.7,"TSS, Nuts, DOC, Alk",1.0,14,1.0769,1.21,88.39,1073.72,1.2147,1.2131,,08:25:00,4.6999999999999265,4.6999999999999265,0.98533,1.5999999999998238,-9999,-9999
556,SFP_Wolf_Cr,2026-06-13,08:35,7.6,52.0,7.29,55.46,"TSS, Nuts, DOC, Alk",6.0,49,1.0884,1.2195,87.45,1112.98,1.2271,1.2257,,08:35:00,7.600000000000051,7.600000000000051,1.02553,1.4000000000000679,-9999,-9999
557,HP,2026-06-13,09:10,5.8,72.7,7.12,76.09,"TSS, Nuts, DOC, Alk",13.0,2,1.0979,1.2308,88.34,1085.25,1.2333,1.2326,,09:10:00,2.5000000000001688,2.5000000000001688,0.99691,0.700000000000145,-9999,-9999
558,Avalanche_Cr,2026-06-13,09:25,6.9,93.3,7.0,97.93,"TSS, Nuts, DOC, Alk",17.0,25,1.0984,1.2317,88.72,1136.42,1.2331,1.2323,,09:25:00,1.4000000000000679,1.4000000000000679,1.0477,0.8000000000001339,-9999,-9999
559,GO_Cr,2026-06-13,09:45,9.2,104.7,7.19,110.1,"TSS, Nuts, DOC, Alk",3.0,4,1.105,1.2388,88.19,989.96,1.2406,1.2396,,09:45:00,1.8000000000000238,1.8000000000000238,0.90177,0.9999999999998899,-9999,-9999
560,SFP_Chap,2026-06-13,10:15,8.3,50.8,6.62,53.84,"TSS, Nuts, DOC, Alk",18.0,FC12,1.0885,1.2218,87.83,1133.33,1.2278,1.2265,,10:15:00,6.000000000000005,6.000000000000005,1.0455,1.3000000000000789,-9999,-9999
561,Warm_Sp,2026-06-13,10:30,8.8,71.5,6.75,87.97,"TSS, Nuts, DOC, Alk",2.0,FC13,1.0698,1.2018,89.61,1139.92,1.2057,1.2053,,10:30:00,3.9000000000000146,3.9000000000000146,1.05031,0.39999999999995595,-9999,-9999
562,SFP_BJ,2026-06-13,10:40,8.7,58.4,7.41,61.88,"TSS, Nuts, DOC, Alk",14.0,47,1.0969,1.23,88.51,1116.7,1.238,1.237,,10:40:00,8.000000000000007,8.000000000000007,1.0281900000000002,0.9999999999998899,-9999,-9999
563,BJ_Cr,2026-06-13,11:00,7.0,48.9,7.22,51.67,"TSS, Nuts, DOC, Alk",4.0,8,1.1073,1.2399,87.89,1102.14,1.242,1.24,,11:00:00,2.0999999999999908,2.0999999999999908,1.01425,2.0000000000000018,-9999,-9999
564,SFP_DW,2026-06-13,11:30,10.8,63.8,7.52,67.44,"TSS, Nuts, DOC, Alk",15.0,R21,1.1079,1.241,87.97,1140.07,1.2508,1.2495,,11:30:00,9.799999999999809,9.799999999999809,1.0520999999999998,1.2999999999998568,-9999,-9999
565,SFP_Alder_Cr,2026-06-13,12:05,13.3,64.5,7.18,68.01,"TSS, Nuts, DOC, Alk",16.0,31,1.0946,1.2273,88.45,1136.51,1.2391,1.2375,,12:05:00,11.800000000000033,11.800000000000033,1.04806,1.6000000000000458,-9999,-9999
566,SFP_Wapiti,2026-07-10,08:10,10.1,41.9,7.48,51.34,"TSS, Nuts, DOC, Alk",12.0,RC15,1.1023,1.2354,87.88,1090.31,1.2379,1.2364,lab ec constant 0.947/cm,08:10:00,2.4999999999999467,2.4999999999999467,1.00243,1.5000000000000568,-9999,-9999
567,Bear_Cr,2026-07-10,08:20,9.4,78.6,7.29,84.71,"TSS, Nuts, DOC, Alk",19.0,32,1.079,1.1959,87.47,1070.79,1.1984,1.198,Whatman GF/F 934-AH used for TSS,08:20:00,2.4999999999999467,2.4999999999999467,0.98332,0.39999999999995595,-9999,-9999
568,SH_Cr,2026-07-10,08:35,10.9,55.3,7.26,60.33,"TSS, Nuts, DOC, Alk",8.0,41,1.0622,1.1952,88.54,1073.92,1.1985,1.1975,,08:35:00,3.2999999999998586,3.2999999999998586,0.9853800000000001,0.9999999999998899,-9999,-9999
569,Camp_Cr,2026-07-10,08:45,9.2,64.6,7.48,69.85,"TSS, Nuts, DOC, Alk",11.0,RC8,1.073,1.2062,88.86,1102.53,1.212,1.2105,,08:45:00,5.800000000000027,5.800000000000027,1.0136699999999998,1.5000000000000568,-9999,-9999
570,Canyon_Cr_SFP,2026-07-10,09:00,8.5,84.5,7.08,97.83,"TSS, Nuts, DOC, Alk",16.0,FC9,1.0899,1.2231,88.47,1131.77,1.2334,1.2315,,09:00:00,10.299999999999976,10.299999999999976,1.0433,1.9000000000000128,-9999,-9999
571,SFP_Canyon_Cr,2026-07-10,09:05,10.5,49.0,7.54,53.3,"TSS, Nuts, DOC, Alk",6.0,FC15,1.1078,1.2419,87.46,1138.26,1.2449,1.2439,,09:05:00,2.9999999999998916,2.9999999999998916,1.0508,0.9999999999998899,-9999,-9999
572,Fox_Cr,2026-07-10,09:25,11.3,178.3,7.24,192.1,"TSS, Nuts, DOC, Alk",2.0,FC29,0.9507,1.0847,89.62,1097.08,1.0885,1.0873,,09:25:00,3.8000000000000256,3.8000000000000256,1.00746,1.2000000000000899,-9999,-9999
573,SFP_Wolf_Cr,2026-07-10,09:40,10.7,59.7,7.45,64.87,"TSS, Nuts, DOC, Alk",20.0,FC18,1.0528,1.1851,88.29,1140.23,1.189,1.1883,,09:40:00,3.9000000000000146,3.9000000000000146,1.05194,0.700000000000145,-9999,-9999
574,HP,2026-07-10,10:15,8.5,80.4,7.37,86.55,"TSS, Nuts, DOC, Alk",15.0,59,1.0921,1.2242,87.99,1126.26,1.2276,1.2264,,10:15:00,3.4000000000000696,3.4000000000000696,1.03827,1.2000000000000899,-9999,-9999
575,Avalanche_Cr,2026-07-10,10:35,10.4,105.8,7.43,115.5,"TSS, Nuts, DOC, Alk",4.0,4,1.082,1.2142,87.91,1117.66,1.2158,1.2151,,10:35:00,1.6000000000000458,1.6000000000000458,1.02975,0.6999999999999229,-9999,-9999
576,GO_Cr,2026-07-10,10:55,13.7,117.9,6.91,127.9,"TSS, Nuts, DOC, Alk",1.0,FC27,1.1118,1.2441,88.4,1074.02,1.2464,1.2452,,10:55:00,2.2999999999999687,2.2999999999999687,0.98562,1.1999999999998678,-9999,-9999
577,SFP_Chap,2026-07-10,11:20,11.7,55.2,7.54,64.03,"TSS, Nuts, DOC, Alk",3.0,43,1.0964,1.2288,88.21,1110.36,1.2333,1.2321,,11:20:00,4.5000000000001705,4.5000000000001705,1.02215,1.2000000000000899,-9999,-9999
578,Warm_Sp,2026-07-10,11:35,12.6,87.4,7.36,103.7,"TSS, Nuts, DOC, Alk",9.0,10,1.0823,1.215,88.36,1142.65,1.221,1.2202,,11:35:00,6.000000000000005,6.000000000000005,1.0542900000000002,0.8000000000001339,-9999,-9999
579,SFP_BJ,2026-07-10,11:45,12.2,66.9,7.49,72.38,"TSS, Nuts, DOC, Alk",7.0,58,1.0832,1.216,89.02,1126.49,1.2221,1.2209,,11:45:00,6.099999999999994,6.099999999999994,1.0374700000000001,1.1999999999998678,-9999,-9999
580,BJ_Cr,2026-07-10,12:00,9.0,50.2,7.58,54.5,"TSS, Nuts, DOC, Alk",10.0,7,1.0829,1.2,87.57,1008.27,1.2014,1.2002,Whatman GF/F 934-AH used for TSS,12:00:00,1.4000000000000679,1.4000000000000679,0.9207000000000001,1.2000000000000899,-9999,-9999
581,SFP_DW,2026-07-10,12:35,15.6,73.0,7.21,78.21,"TSS, Nuts, DOC, Alk",18.0,FC26,1.0796,1.212,87.85,1120.9,1.2176,1.2158,,12:35:00,5.600000000000049,5.600000000000049,1.0330500000000002,1.8000000000000238,-9999,-9999
582,SFP_Alder_Cr,2026-07-10,13:10,17.3,69.8,7.19,75.18,"TSS, Nuts, DOC, Alk",14.0,28,1.1083,1.2417,88.52,1136.94,1.2797,1.2755,,13:10:00,38.000000000000036,38.000000000000036,1.0484200000000001,4.1999999999999815,-9999,-9999
583,SFP_Wapiti,2026-07-31,08:50,11.4,46.1,6.85,66.04,"TSS, Nuts, Alk",15.0,HZ,1.07,1.1874,87.95,1124.17,1.3474,1.3412,non-regular sampling following 07/22 debris flows. Whatman GF/F 934-AH used for DOC/TSS. lab EC cell 0.913/cm,08:50:00,159.99999999999991,159.99999999999991,1.03622,6.199999999999983,-9999,-9999
584,Bear_Cr,2026-07-31,09:00,10.6,88.6,7.15,92.61,"TSS, Nuts, Alk",12.0,FC20,1.1183,1.2352,87.89,1111.53,1.3253,1.3233,Whatman GF/F 934-AH used for TSS,09:00:00,90.09999999999985,90.09999999999985,1.0236399999999999,2.0000000000000018,-9999,-9999
585,SH_Cr,2026-07-31,09:40,12.5,54.9,6.92,60.65,"TSS, Nuts, DOC, Alk",17.0,FC14,1.0819,1.1995,88.33,1081.08,1.2013,1.2005,Whatman GF/F 934-AH used for DOC/TSS,09:40:00,1.8000000000000238,1.8000000000000238,0.9927499999999999,0.8000000000001339,-9999,-9999
586,Camp_Cr,2026-07-31,09:55,10.6,67.1,6.97,70.39,"TSS, Nuts, DOC, Alk",4.0,27,1.1011,1.2195,87.91,1112.95,1.2223,1.2216,Whatman GF/F 934-AH used for DOC/TSS,09:55:00,2.7999999999999137,2.7999999999999137,1.02504,0.6999999999999229,-9999,-9999
587,Canyon_Cr_SFP,2026-07-31,10:10,9.6,98.1,5.9,102.9,"TSS, Nuts, DOC, Alk",1.0,47,1.0971,1.2147,88.38,1128.62,1.3356,1.3293,Whatman GF/F 934-AH used for DOC/TSS,10:10:00,120.9,120.9,1.0402399999999998,6.299999999999972,-9999,-9999
588,SFP_Canyon_Cr,2026-07-31,10:15,12.3,66.0,6.9,69.41,"TSS, Nuts, Alk",8.0,34,1.0656,1.1827,88.53,1116.02,2.0069,1.9983,Whatman GF/F 934-AH used for TSS,10:15:00,824.1999999999998,824.1999999999998,1.02749,8.599999999999941,-9999,-9999
589,Fox_Cr,2026-07-31,10:30,13.2,186.2,6.4,194.8,"TSS, Nuts, Alk",9.0,37,1.0813,1.1982,88.35,1092.37,1.1996,1.199,Whatman GF/F 934-AH used for TSS,10:30:00,1.4000000000000679,1.4000000000000679,1.00402,0.5999999999999339,-9999,-9999
590,SFP_Wolf_Cr,2026-07-31,10:40,12.5,76.2,6.7,80.94,"TSS, Nuts, DOC, Alk",6.0,6,1.1045,1.2221,87.43,1126.54,1.6601,1.652,Whatman GF/F 934-AH used for DOC/TSS,10:40:00,437.99999999999994,437.99999999999994,1.03911,8.099999999999996,-9999,-9999
591,HP,2026-07-31,11:10,11.0,90.1,6.18,94.8,"TSS, Nuts, Alk",18.0,51,1.0628,1.1792,87.84,1132.66,1.3256,1.3218,Whatman GF/F 934-AH used for TSS,11:10:00,146.39999999999986,146.39999999999986,1.04482,3.7999999999998035,-9999,-9999
592,Avalanche_Cr,2026-07-31,11:30,12.6,114.7,6.83,120.0,"TSS, Nuts, Alk",20.0,16,1.0968,1.2136,88.27,1140.21,1.2139,1.2137,Whatman GF/F 934-AH used for TSS,11:30:00,0.29999999999996696,0.29999999999996696,1.05194,0.19999999999997797,-9999,-9999
593,GO_Cr,2026-07-31,11:45,15.4,124.0,7.02,130.4,"TSS, Nuts, Alk",13.0,17,1.092,1.2084,88.71,1069.7,1.2104,1.2098,Whatman GF/F 934-AH used for TSS,11:45:00,2.0000000000000018,2.0000000000000018,0.98099,0.5999999999999339,-9999,-9999
594,SFP_Chap,2026-07-31,12:05,13.9,61.3,7.11,79.13,"TSS, Nuts, Alk",19.0,23,1.1028,1.2193,87.45,1107.85,1.4712,1.4635,Whatman GF/F 934-AH used for TSS,12:05:00,251.9,251.9,1.0204,7.70000000000004,-9999,-9999
595,Warm_Sp,2026-07-31,12:20,14.8,105.0,6.74,109.0,"TSS, Nuts, Alk",16.0,39,1.1017,1.2184,88.44,1098.37,1.2198,1.2196,Whatman GF/F 934-AH used for TSS,12:20:00,1.4000000000000679,1.4000000000000679,1.0099299999999998,0.19999999999997797,-9999,-9999
596,SFP_BJ,2026-07-31,12:30,14.2,83.7,6.81,87.37,"TSS, Nuts, Alk",10.0,29,1.1171,1.2347,87.53,1106.06,2.5702,2.5598,Whatman GF/F 934-AH used for TSS,12:30:00,1335.5,1335.5,1.01853,10.399999999999743,-9999,-9999
597,BJ_Cr,2026-07-31,13:00,10.8,50.3,7.21,53.6,"TSS, Nuts, DOC, Alk",7.0,1,1.0848,1.2008,88.99,1089.76,1.2033,1.2018,Whatman GF/F 934-AH used for DOC/TSS,13:00:00,2.4999999999999467,2.4999999999999467,1.00077,1.5000000000000568,-9999,-9999
598,SFP_DW,2026-07-31,13:35,18.0,88.9,7.0,92.43,"TSS, Nuts, DOC,Alk",11.0,55,1.0942,1.2101,88.86,1119.81,1.3147,1.3078,Whatman GF/F 934-AH used for DOC/TSS,13:35:00,104.60000000000002,104.60000000000002,1.03095,6.899999999999906,-9999,-9999
599,SFP_Alder_Cr,2026-07-31,14:05,14.8,63.0,7.19,66.43,"TSS, Nuts, Alk",14.0,33,1.1068,1.2232,88.53,1108.81,1.2699,1.266,Whatman GF/F 934-AH used for TSS,14:05:00,46.69999999999996,46.69999999999996,1.02028,3.9000000000000146,-9999,-9999
600,SFP_Wapiti,2026-08-06,07:50,10.2,66.1,7.44,70.1,"TSS, Nuts, Alk",7.0,25,1.0984,1.2248,89.01,1074.28,1.3017,1.3002,duplicate TSS bottle labled site 7. lab EC cell 0.913/cm,07:50:00,76.89999999999996,76.89999999999996,0.98527,1.5000000000000568,-9999,-9999
601,Bear_Cr,2026-08-06,08:05,8.7,87.5,7.42,95.3,"TSS, Nuts, Alk",18.0,FC12,1.0886,1.2146,87.84,1130.7,1.2367,1.2355,duplicate TSS bottle labled site 18,08:05:00,22.10000000000001,22.10000000000001,1.0428600000000001,1.1999999999998678,-9999,-9999
602,SH_Cr,2026-08-06,08:20,10.6,58.1,7.35,61.72,"TSS, Nuts, Alk",13.0,FC17,1.0896,1.2162,88.73,1100.74,1.2174,1.217,duplicate TSS bottle labled site 13,08:20:00,1.2000000000000899,1.2000000000000899,1.01201,0.39999999999995595,-9999,-9999
603,Camp_Cr,2026-08-06,08:30,9.2,67.8,7.31,71.39,"TSS, Nuts, Alk",10.0,FC26,1.0796,1.2072,87.53,1112.36,1.2102,1.2093,no duplicate TSS,08:30:00,2.9999999999998916,2.9999999999998916,1.02483,0.8999999999999009,-9999,-9999
604,Canyon_Cr_SFP,2026-08-06,08:45,8.2,93.0,7.33,106.9,"TSS, Nuts, Alk",6.0,2,1.0979,1.2243,87.45,1060.33,1.2941,1.2907,duplicate TSS bottle labeled site 6,08:45:00,69.80000000000008,69.80000000000008,0.9728799999999999,3.4000000000000696,-9999,-9999
605,SFP_Canyon_Cr,2026-08-06,08:50,10.1,67.8,7.14,75.31,"TSS, Nuts, Alk",2.0,38,1.0985,1.2257,89.61,1137.21,1.4605,1.4571,duplicate TSS bottle labeled site 2,08:50:00,234.7999999999999,234.7999999999999,1.0476,3.3999999999998476,-9999,-9999
606,Fox_Cr,2026-08-06,09:10,11.1,180.1,7.35,196.2,"TSS, Nuts, Alk",17.0,RC8,1.0725,1.1983,88.33,1099.74,1.1994,1.1986,no duplicate TSS,09:10:00,1.100000000000101,1.100000000000101,1.01141,0.7999999999999119,-9999,-9999
607,SFP_Wolf_Cr,2026-08-06,09:20,10.1,80.1,7.04,85.49,"TSS, Nuts, Alk",1.0,32,1.0791,1.2056,88.34,1136.23,1.386,1.3829,no duplicate TSS,09:20:00,180.3999999999999,180.3999999999999,1.0478900000000002,3.0999999999998806,-9999,-9999
608,HP,2026-08-06,09:50,8.2,92.4,7.11,96.88,"TSS, Nuts, Alk",11.0,41,1.0625,1.1886,88.87,1133.05,1.2093,1.2081,no duplicate TSS,09:50:00,20.69999999999994,20.69999999999994,1.0441799999999999,1.2000000000000899,-9999,-9999
609,Avalanche_Cr,2026-08-06,10:05,10.2,116.6,6.84,122.9,"TSS, Nuts, Alk",4.0,4,1.0826,1.2096,87.9,1104.4,1.2106,1.2099,no duplicate TSS,10:05:00,0.9999999999998899,0.9999999999998899,1.0165000000000002,0.6999999999999229,-9999,-9999
610,GO_Cr,2026-08-06,10:20,12.2,125.6,6.92,131.4,"TSS, Nuts, Alk",16.0,58,1.0835,1.209,88.44,1095.88,1.2101,1.2095,no duplicate TSS,10:20:00,1.0999999999998789,1.0999999999998789,1.0074400000000001,0.5999999999999339,-9999,-9999
611,SFP_Chap,2026-08-06,10:40,10.9,79.8,6.84,84.86,"TSS, Nuts, Alk",9.0,43,1.0968,1.2247,88.36,1137.59,1.3837,1.3799,no duplicate TSS,10:40:00,159.00000000000003,159.00000000000003,1.04923,3.8000000000000256,-9999,-9999
612,Warm_Sp,2026-08-06,11:00,12.0,107.3,7.53,114.9,"TSS, Nuts, Alk",3.0,31,1.0947,1.2208,88.21,1139.28,1.2217,1.2216,duplicate TSS bottle labeled site 12,11:00:00,0.8999999999999009,0.8999999999999009,1.05107,0.09999999999998899,-9999,-9999
613,SFP_BJ,2026-08-06,11:10,11.2,87.3,7.07,93.65,"TSS, Nuts, Alk",19.0,FC16,1.108,1.2329,87.47,1135.19,1.7347,1.7291,no duplicate TSS,11:10:00,501.7999999999998,501.7999999999998,1.04772,5.599999999999827,-9999,-9999
614,BJ_Cr,2026-08-06,11:25,8.8,51.4,8.91,56.12,"TSS, Nuts, Alk",8.0,FC9,1.0901,1.2168,88.55,1083.6,1.2182,1.2163,no duplicate TSS,11:25:00,1.3999999999998458,1.3999999999998458,0.99505,1.9000000000000128,-9999,-9999
615,SFP_DW,2026-08-06,12:05,14.9,91.1,7.15,96.99,"TSS, Nuts, Alk",15.0,FC27,1.1117,1.2377,87.98,1116.23,1.2803,1.2748,no duplicate TSS,12:05:00,42.59999999999997,42.59999999999997,1.02825,5.50000000000006,-9999,-9999
616,SFP_Alder_Cr,2026-08-06,12:40,12.9,61.7,7.24,66.86,"TSS, Nuts, Alk",20.0,49,1.0883,1.2156,88.28,1136.24,1.2362,1.2341,duplicate TSS bottle labeled site 14,12:40:00,20.59999999999995,20.59999999999995,1.04796,2.0999999999999908,-9999,-9999
